Event,Label,N2O_flux_ug_m2_day,growing_season_N2O_flux_ug_m2_100days,annual_N2O_flux_ug_m2_100days-x-2,permafrost_extent,permafrost_region,ecosystem,veg_type,location_description,country,subregion,site,latitude,longitude,n_meas_seasons,year_start,month_start,day_start,year_end,month_end,day_end,soc_percent_topsoil-carbon-content,sn_percent_topsoil-nitrogen-content,c-to-n_topsoil,nh4_mg_kg_topsoil-ammonium,no3_mg_kg_topsoil-nitrate,pH_topsoil,soil_om_percent,bulk_density_g_cm3_topsoil,soil_moisture_percent,gravimetric_swc_g_g,volumetric_swc_m3_m3,whc_percent,wfps_percent,wfps_calc_percent,mat_degC,actual_airT_degC,actual_soilT_degC,map_mm,mean_thaw_depth_growing_cm,max_thaw_depth,study_type,disturbance,treatment,disturbance_type,n_flux_measurements,replicate_collars,orig_flux_value,orig_flux_unit,method,chamber_type,time_min,max_closure_time_min,points_per_closure,presence_co2_fluxes,presence_ch4_fluxes,published,ref
Ardley_Island_N2O,AN-Ard-2011-01,4.8,480,960,antarctic,Antarctic,Wetland,Vegetated,Western coastal lowland tundra marsh,Antarctica,maritime Antarctica,Ardley Island,-62.22,-58.93,1,2011,12,1,2012,2,21,2.26,0.27,8.4,9.84,15.61,6.5,,,85.8,,,,,100,-2.5,1.6,4.1,630,,,In situ,No,No,none,8,3,0.2,Âµg N2O/m2/h,GC/static,transparent,,20,3,no,yes,yes,Bao T et al. 2018
Ardley_Island_N2O,AN-Ard-2007-01,998.4,99840,199680,antarctic,Antarctic,Wetland,Vegetated,Tundra dry marsh (DM); Mosses and algae dominate the vegetation in the poorly drained tundra areas,Antarctica,maritime Antarctica,Ardley Island,-62.22,-58.93,1,2008,1,21,2008,2,8,22.91,2.23,10.2,131.31,4.23,6,,,24.9,,,,,5.686,-2.2,0.9,,425,,,In situ,Yes,No,Birds,10,3,41.6,Âµg N2O/m2/h,GC/static,transparent,,20,3,yes,yes,yes,Zhu R et al. 2014
Ardley_Island_N2O,AN-Ard-2007-02,52.8,5280,10560,antarctic,Antarctic,Wetland,Vegetated,Tundra mesic marsh (MM); Mosses and algae dominate the vegetation in the poorly drained tundra areas,Antarctica,maritime Antarctica,Ardley Island,-62.22,-58.93,1,2008,1,21,2008,2,8,25.5,1.96,13.2,89.3,4.03,6,,,45.23,,,,,12.055,-2.2,0.9,,425,,,In situ,Yes,No,Birds,10,3,2.2,Âµg N2O/m2/h,GC/static,transparent,,20,3,yes,yes,yes,Zhu R et al. 2014
Ardley_Island_N2O,AN-Ard-2007-03,56.4,5640,11280,antarctic,Antarctic,Upland,Vegetated,Upland tundra with lichens and mosses (UT); mosses (Bryum Pseudotriquetrum and Bryum muelthenbeckii) and lichens (Usnea sp.),Antarctica,maritime Antarctica,Ardley Island,-62.05,-58.25,1,2007,11,25,2008,2,8,1.17,0.1,12,1.2,0.51,6.6,,,17.6,,,,,49.274,-2.2,0.9,,425,,,In situ,No,No,none,12,3,2.35,Âµg N2O/m2/h,GC/static,transparent,,20,3,yes,yes,yes,Zhu R et al. 2014
Ardley_Island_N2O,AN-Ard-2007-04,-72,-7200,-14400,antarctic,Antarctic,Wetland,Vegetated,Tundra waterlogged marsh (WM); Mosses and algae dominate the vegetation in the poorly drained tundra areas.,Antarctica,maritime Antarctica,Ardley Island,-62.22,-58.93,1,2008,1,21,2008,2,8,22.77,2.09,12,175.05,3.73,5.9,,,90,,,,100,100,-2.2,0.9,,425,,,In situ,Yes,No,Birds,10,3,-3,Âµg N2O/m2/h,GC/static,transparent,,20,3,yes,yes,yes,Zhu R et al. 2014
Ardley_Island_N2O,AN-Ard-2011-07,267.6,26760,53520,antarctic,Antarctic,Upland,Vegetated,Upland tundra with lichens and mosses (UT); mosses (Bryum Pseudotriquetrum and Bryum muelthenbeckii) and lichens (Usnea sp.),Antarctica,maritime Antarctica,Ardley Island,-62.05,-58.25,1,2012,1,16,2012,2,8,1.17,0.1,12,1.2,0.51,6.6,,,17.6,,,,,49.274,-2.2,1.7,,425,,,In situ,No,No,none,9,3,11.15,Âµg N2O/m2/h,GC/static,transparent,,20,3,yes,yes,yes,Zhu R et al. 2014
Ardley_Island_N2O,AN-Ard-2011-08,-646.8,-64680,-129360,antarctic,Antarctic,Wetland,Vegetated,Tundra waterlogged marsh (WM); Mosses and algae dominate the vegetation in the poorly drained tundra areas.,Antarctica,maritime Antarctica,Ardley Island,-62.22,-58.93,1,2011,12,24,2012,2,5,22.77,2.09,12,175.05,3.73,5.9,,,90,,,,100,100,-2.2,1.7,,425,,,In situ,Yes,No,Birds,8,3,-26.95,Âµg N2O/m2/h,GC/static,transparent,,20,3,yes,yes,yes,Zhu R et al. 2014
Ardley_Island_N2O,AN-Ard-2011-02,292.8,29280,58560,antarctic,Antarctic,Wetland,Vegetated,Western coastal lowland tundra marsh,Antarctica,maritime Antarctica,Ardley Island,-62.22,-58.93,1,2011,12,1,2012,2,21,2.24,0.23,9.7,8.97,31.92,6.7,,,81,,,,,100,-2.5,1.6,4.1,630,,,In situ,Yes,Yes,Light reduction,8,3,12.2,Âµg N2O/m2/h,GC/static,semi-transparent,,20,3,no,yes,yes,Bao T et al. 2018
Ardley_Island_N2O,AN-Ard-2011-03,580.8,58080,116160,antarctic,Antarctic,Wetland,Vegetated,Western coastal lowland tundra marsh,Antarctica,maritime Antarctica,Ardley Island,-62.22,-58.93,1,2011,12,1,2012,2,21,1.86,0.24,7.8,7.47,13.26,6.7,,,84.8,,,,,100,-2.5,1.6,4.1,630,,,In situ,Yes,Yes,Light reduction,8,3,24.2,Âµg N2O/m2/h,GC/static,semi-transparent,,20,3,no,yes,yes,Bao T et al. 2018
Ardley_Island_N2O,AN-Ard-2011-04,-76.8,-7680,-15360,antarctic,Antarctic,Wetland,Vegetated,Eastern  coastal lowland tundra with penguin nesting sites,Antarctica,maritime Antarctica,Ardley Island,-62.22,-58.92,1,2011,12,1,2012,2,21,16.56,2.05,8.1,43.62,74.89,5.2,,,83.8,,,,,24.012,-2.5,1.6,4.1,630,,,In situ,Yes,No,Birds,8,3,-3.2,Âµg N2O/m2/h,GC/static,transparent,,20,3,no,yes,yes,Bao T et al. 2018
Ardley_Island_N2O,AN-Ard-2011-05,331.2,33120,66240,antarctic,Antarctic,Wetland,Vegetated,Eastern  coastal lowland tundra with penguin nesting sites,Antarctica,maritime Antarctica,Ardley Island,-62.22,-58.92,1,2011,12,1,2012,2,21,13.9,2.08,6.7,31.93,44.67,4.9,,,82.3,,,,,30.758,-2.5,1.6,4.1,630,,,In situ,Yes,Yes,"Birds, Light reduction",8,3,13.8,Âµg N2O/m2/h,GC/static,semi-transparent,,20,3,no,yes,yes,Bao T et al. 2018
Ardley_Island_N2O,AN-Ard-2011-06,708,70800,141600,antarctic,Antarctic,Wetland,Vegetated,Eastern  coastal lowland tundra with penguin nesting sites,Antarctica,maritime Antarctica,Ardley Island,-62.22,-58.92,1,2011,12,1,2012,2,21,17.59,2.36,7.5,83.59,151.65,4.5,,,86.9,,,,,22.648,-2.5,1.6,4.1,630,,,In situ,Yes,Yes,"Birds, Light reduction",8,3,29.5,Âµg N2O/m2/h,GC/static,semi-transparent,,20,3,no,yes,yes,Bao T et al. 2018
Ardley_Island_N2O,AN-Ard-2013-01,-12,-1200,-2400,antarctic,Antarctic,Wetland,Vegetated,Western coastal lowland tundra marsh,Antarctica,maritime Antarctica,Ardley Island,-62.22,-58.93,1,2014,2,14,2014,3,14,2.26,0.27,8.4,9.84,15.61,6.5,,,85.8,,,,,100,-2.5,1.3,4.3,630,,,In situ,No,No,none,8,3,-0.5,Âµg N2O/m2/h,GC/static,transparent,,20,3,no,yes,yes,Bao T et al. 2018
Ardley_Island_N2O,AN-Ard-2013-02,115.2,11520,23040,antarctic,Antarctic,Wetland,Vegetated,Western coastal lowland tundra marsh,Antarctica,maritime Antarctica,Ardley Island,-62.22,-58.93,1,2014,2,14,2014,3,14,2.24,0.23,9.7,8.97,31.92,6.7,,,81,,,,,100,-2.5,1.3,4.3,630,,,In situ,Yes,Yes,Light reduction,8,3,4.8,Âµg N2O/m2/h,GC/static,semi-transparent,,20,3,no,yes,yes,Bao T et al. 2018
Ardley_Island_N2O,AN-Ard-2013-03,192,19200,38400,antarctic,Antarctic,Wetland,Vegetated,Western coastal lowland tundra marsh,Antarctica,maritime Antarctica,Ardley Island,-62.22,-58.93,1,2014,2,14,2014,3,14,1.86,0.24,7.8,7.47,13.26,6.7,,,84.8,,,,,100,-2.5,1.3,4.3,630,,,In situ,Yes,Yes,Light reduction,8,3,8,Âµg N2O/m2/h,GC/static,semi-transparent,,20,3,no,yes,yes,Bao T et al. 2018
Ardley_Island_N2O,AN-Ard-2014-01,-69.6,-6960,-13920,antarctic,Antarctic,Wetland,Vegetated,Western coastal lowland tundra marsh,Antarctica,maritime Antarctica,Ardley Island,-62.22,-58.93,1,2014,12,1,2015,2,21,2.26,0.27,8.4,9.84,15.61,6.5,,,85.8,,,,,100,-2.5,1.7,5.4,630,,,In situ,No,No,none,8,3,-2.9,Âµg N2O/m2/h,GC/static,transparent,,20,3,no,yes,yes,Bao T et al. 2018
Ardley_Island_N2O,AN-Ard-2014-02,55.2,5520,11040,antarctic,Antarctic,Wetland,Vegetated,Western coastal lowland tundra marsh,Antarctica,maritime Antarctica,Ardley Island,-62.22,-58.93,1,2014,12,1,2015,2,21,2.24,0.23,9.7,8.97,31.92,6.7,,,81,,,,,100,-2.5,1.7,5.4,630,,,In situ,Yes,Yes,Light reduction,8,3,2.3,Âµg N2O/m2/h,GC/static,semi-transparent,,20,3,no,yes,yes,Bao T et al. 2018
Ardley_Island_N2O,AN-Ard-2014-03,331.2,33120,66240,antarctic,Antarctic,Wetland,Vegetated,Western coastal lowland tundra marsh,Antarctica,maritime Antarctica,Ardley Island,-62.22,-58.93,1,2014,12,1,2015,2,21,1.86,0.24,7.8,7.47,13.26,6.7,,,84.8,,,,,100,-2.5,1.7,5.4,630,,,In situ,Yes,Yes,Light reduction,8,3,13.8,Âµg N2O/m2/h,GC/static,semi-transparent,,20,3,no,yes,yes,Bao T et al. 2018
Fildes_Peninsula_N2O,AN-Fil-1999-01,2152.8,215280,430560,antarctic,Antarctic,Wetland,Vegetated,"same site as Zhu et al 2014, lichen moss tundra near coast, penguin colonies",Antarctica,maritime Antarctica,Fildes Peninsula,-62.22,-58.93,2,1999,1,21,2000,3,23,22.67,16.48,1.4,,,6.1,,,,,,,,,-2.2,,,425,,,In situ,Yes,No,Birds,18,,89.7,ug N2O/m2/h,GC/static,transparent,,60,4,no,yes,yes,Sun L et al. 2002
Fildes_Peninsula_N2O,AN-Fil-1999-02,24,2400,4800,antarctic,Antarctic,Wetland,Vegetated,"same site as Zhu et al 2014, lichen moss tundra near coast, moss dominated",Antarctica,maritime Antarctica,Fildes Peninsula,-62.22,-58.93,2,1999,1,21,2000,3,23,15.48,0.7,22.1,,,6,,,,,,,,,-2.2,,,425,,,In situ,No,No,none,20,,1,ug N2O/m2/h,GC/static,transparent,,60,4,no,yes,yes,Sun L et al. 2002
Fildes_Peninsula_N2O,AN-Fil-1999-03,28.8,2880,5760,antarctic,Antarctic,Upland,Partly vegetated,"same site as Zhu et al 2014, lichen moss tundra near coast, lichen dominated",Antarctica,maritime Antarctica,Fildes Peninsula,-62.22,-58.93,2,1999,1,21,2000,3,23,5.48,0.22,24.9,,,6,,,,,,,,,-2.2,,,425,,,In situ,No,No,none,10,,1.2,ug N2O/m2/h,GC/static,transparent,,60,4,no,yes,yes,Sun L et al. 2002
Fildes_Peninsula_N2O,AN-Fil-2014-01,-72,-7200,-14400,antarctic,Antarctic,Upland,Vegetated,"Upland, lichen-moss community",Antarctica,maritime Antarctica,Fildes Peninsula,-61.85,-58.95,1,2014,12,1,2015,2,21,1.86,0.08,9.4,1.26,0.53,7.3,,,45.7,,,,,91.791,-2.5,1.7,5.4,630,,,In situ,No,No,none,6,3,-3,Âµg N2O/m2/h,GC/static,transparent,,20,3,no,yes,yes,Bao T et al. 2018
Fildes_Peninsula_N2O,AN-Fil-2014-02,45.6,4560,9120,antarctic,Antarctic,Upland,Vegetated,"Upland, lichen-moss community",Antarctica,maritime Antarctica,Fildes Peninsula,-61.85,-58.95,1,2014,12,1,2015,2,21,1.25,0.08,11.5,1.13,0.48,7.1,,,44.9,,,,,100,-2.5,1.7,5.4,630,,,In situ,Yes,Yes,Light reduction,6,3,1.9,Âµg N2O/m2/h,GC/static,semi-transparent,,20,3,no,yes,yes,Bao T et al. 2018
Fildes_Peninsula_N2O,AN-Fil-2014-03,211.2,21120,42240,antarctic,Antarctic,Upland,Vegetated,"Upland, lichen-moss community",Antarctica,maritime Antarctica,Fildes Peninsula,-61.85,-58.95,1,2014,12,1,2015,2,21,1.08,0.12,8.5,1.17,0.44,6.8,,,42.8,,,,,100,-2.5,1.7,5.4,630,,,In situ,Yes,Yes,Light reduction,6,3,8.8,Âµg N2O/m2/h,GC/static,semi-transparent,,20,3,no,yes,yes,Bao T et al. 2018
Garwood_Valley_N2O,AN-Gav-2003-01,556.3,55630,111260,antarctic,Antarctic,Upland,Bare,6 m from lake edge (A),Antarctica,maritime Antarctica,Garwood Valley,-78.02,163.88,1,2003,1,24,2003,1,29,4.1,,8.82,14.1,,7.3,,,,,0.34,,,52.609,-10,,2.3,100,,11.5,In situ,No,No,none,6,1,0.01,Âµmol/m2/min,GC/static,,,12,3,yes,yes,yes,Gregorich EG et al. 2006
Garwood_Valley_N2O,AN-Gav-2003-02,1136.01,113601,227202,antarctic,Antarctic,Upland,Bare,directly on a strand line of lacustrine detritus 4 m from lake edge (B),Antarctica,maritime Antarctica,Garwood Valley,-78.02,163.88,1,2003,1,24,2003,1,29,1.9,,4.87,42.2,,7.3,,,,,0.36,,,64.594,-10,,1.7,100,,11.5,In situ,No,No,none,6,1,0.02,Âµmol/m2/min,GC/static,,,12,3,yes,yes,yes,Gregorich EG et al. 2006
Garwood_Valley_N2O,AN-Gav-2003-03,364.39,36439,72878,antarctic,Antarctic,Upland,Bare,area of living  and dried mat about 2 m from the lake edge (C),Antarctica,maritime Antarctica,Garwood Valley,-78.02,163.88,1,2003,1,24,2003,1,29,12,,8.61,45.9,,7.3,,,,,0.46,,,55.26,-10,,0.9,100,,11.5,In situ,No,No,none,6,1,0.01,Âµmol/m2/min,GC/static,,,12,3,yes,yes,yes,Gregorich EG et al. 2006
Garwood_Valley_N2O,AN-Gav-2005-01,2236,223600,447200,antarctic,Antarctic,Upland,Bare,6 m from lake edge (A),Antarctica,maritime Antarctica,Garwood Valley,-78.02,163.88,1,2005,1,24,2005,1,30,4.1,,8.82,14.1,,7.3,,,,,0.32,,,49.514,-10,,1.9,100,,11.5,In situ,No,No,none,7,1,0.04,Âµmol/m2/min,GC/static,,,12,3,yes,yes,yes,Gregorich EG et al. 2006
Garwood_Valley_N2O,AN-Gav-2005-02,1269.08,126908,253816,antarctic,Antarctic,Upland,Bare,directly on a strand line of lacustrine detritus 4 m from lake edge (B),Antarctica,maritime Antarctica,Garwood Valley,-78.02,163.88,1,2005,1,24,2005,1,30,1.9,,4.87,42.2,,7.3,,,,,0.46,,,82.537,-10,,0.9,100,,11.5,In situ,No,No,none,7,1,0.02,Âµmol/m2/min,GC/static,,,12,3,yes,yes,yes,Gregorich EG et al. 2006
Garwood_Valley_N2O,AN-Gav-2005-03,1208.66,120866,241732,antarctic,Antarctic,Upland,Bare,area of living  and dried mat about 2 m from the lake edge (C),Antarctica,maritime Antarctica,Garwood Valley,-78.02,163.88,1,2005,1,24,2005,1,30,12,,8.61,45.9,,7.3,,,,,0.54,,,64.871,-10,,0.9,100,,11.5,In situ,No,No,none,7,1,0.02,Âµmol/m2/min,GC/static,,,12,3,yes,yes,yes,Gregorich EG et al. 2006
Alexandra_Fjord_N2O,CA-Alf-2009-01,657.98,65798,131596,continuous,Arctic,Upland,Bare,"B1 Cryptogram, herb barren",Canada,"Ellesmere Island, Nunavut",Alexandra Fjord,78.88,-75.92,1,2009,6,,2009,8,,0.5,0,,3.6,2.5,7.7,,,,,,,36,36,-15,5,,100,35,,In situ,No,No,none,8,5,0,Âµmol N2O/m2/s,portable gas analzyer,opaque,,10,10,yes,yes,yes,Brummell ME et al. 2012
Alexandra_Fjord_N2O,CA-Alf-2009-02,2346.65,234665,469330,continuous,Arctic,Upland,Partly vegetated,B3 Noncarbonate mountain complex,Canada,"Ellesmere Island, Nunavut",Alexandra Fjord,78.88,-75.92,1,2009,6,,2009,8,,0.35,0,,7.8,1,6.5,,,,,,,53,53,-15,5,,100,35,,In situ,No,No,none,8,5,0,Âµmol N2O/m2/s,portable gas analzyer,opaque,,10,10,yes,yes,yes,Brummell ME et al. 2012
Alexandra_Fjord_N2O,CA-Alf-2009-03,2536.82,253682,507364,continuous,Arctic,Upland,Vegetated,"P1 Prostrate dwarf-shrub, herb tundra",Canada,"Ellesmere Island, Nunavut",Alexandra Fjord,78.88,-75.92,1,2009,6,,2009,8,,0.4,0.12,3.2,0.1,2.5,6.6,,,,,,,79,79,-15,5,,100,45,,In situ,No,No,none,8,5,0,Âµmol N2O/m2/s,portable gas analzyer,opaque,,10,10,yes,yes,yes,Brummell ME et al. 2012
Alexandra_Fjord_N2O,CA-Alf-2009-04,2628.1,262810,525620,continuous,Arctic,Upland,Vegetated,P2 Prostrate/hemiprostrate dwarf-shrub tundra,Canada,"Ellesmere Island, Nunavut",Alexandra Fjord,78.88,-75.92,1,2009,6,,2009,8,,0.4,0,,3.5,5.4,6.7,,,,,,,66,66,-15,5,,100,55,,In situ,No,No,none,8,5,0,Âµmol N2O/m2/s,portable gas analzyer,opaque,,10,10,yes,yes,yes,Brummell ME et al. 2012
Alexandra_Fjord_N2O,CA-Alf-2009-05,3194.8,319480,638960,continuous,Arctic,Upland,Vegetated,"G3 Nontussock sedge, dwarf-shrub, moss tundra",Canada,"Ellesmere Island, Nunavut",Alexandra Fjord,78.88,-75.92,1,2009,6,,2009,8,,1.67,0.32,5.2,15.5,7.5,5.8,,,,,,,51,51,-15,5,,100,35,,In situ,No,No,none,8,5,0,Âµmol N2O/m2/s,portable gas analzyer,opaque,,10,10,yes,yes,yes,Brummell ME et al. 2012
Alexandra_Fjord_N2O,CA-Alf-2009-06,-1125.79,-112579,-225158,continuous,Arctic,Wetland,Vegetated,"W1 Sedge/grass, moss wetland",Canada,"Ellesmere Island, Nunavut",Alexandra Fjord,78.88,-75.92,1,2009,6,,2009,8,,0.69,0.18,3.8,5.6,2.2,6.4,,,,,,,92,92,-15,5,,100,35,,In situ,No,No,none,8,5,0,Âµmol N2O/m2/s,portable gas analzyer,opaque,,10,10,yes,yes,yes,Brummell ME et al. 2012
Eagle_Plains_N2O,CA-Alf-2009-07,2623.1,262310,524620,continuous,Arctic,Upland,Vegetated,Dwarf shrub tundra,Canada,Northwestern Canada,Eagle Plains,78.88,-75.77,1,2009,7,22,2009,7,25,,,,63,27,,,,,,0.37,,56,56.4,-15,5,16.3,100,,50,In situ,No,No,none,,45,0.69,nmol/m2/s,portable gas analzyer,opaque,,10,10,yes,yes,yes,Lamb EG et al. 2011
Boniface_River_N2O,CA-Bon-1991-01,39.27,3927,7854,discontinuous,Subarctic,Peatland,Vegetated,"Bog1, WT close to surface",Canada,Quebec,Boniface River,57.75,-76.15,1,1991,7,22,1991,7,27,,,,,0,5.6,,,,,,,100,100,-4,,11.2,500,,50,In situ,No,No,none,1,3,0.03,mg N2O-N/m2/d,GC/static,opaque,,60,6,no,yes,yes,Toda H et al. 1994
Boniface_River_N2O,CA-Bon-1991-02,0.01,1,2,discontinuous,Subarctic,Wetland,Vegetated,"Black spruce forest, WT near surface",Canada,Quebec,Boniface River,57.75,-76.15,1,1991,7,22,1991,7,27,,,,,0,4.4,,,,,,,100,100,-4,,12.8,500,,,In situ,No,No,none,1,3,0,mg N2O-N/m2/d,GC/static,opaque,,60,6,no,yes,yes,Toda H et al. 1994
Boniface_River_N2O,CA-Bon-1991-03,23.57,2357,4714,discontinuous,Subarctic,Peatland,Vegetated,"Palsa, drier than bog",Canada,Quebec,Boniface River,57.75,-76.15,1,1991,7,22,1991,7,27,,,,,,,,,,,,,,,-4,,16.5,500,,100,In situ,No,No,none,1,3,0.01,mg N2O-N/m2/d,GC/static,opaque,,60,6,no,yes,yes,Toda H et al. 1994
Boniface_River_N2O,CA-Bon-1991-04,15.71,1571,3142,discontinuous,Subarctic,Upland,Vegetated,Bush,Canada,Quebec,Boniface River,57.75,-76.15,1,1991,7,22,1991,7,27,,,,,,,,,,,,,,,-4,,23.1,500,,,In situ,No,No,none,1,3,0.01,mg N2O-N/m2/d,GC/static,opaque,,60,6,no,yes,yes,Toda H et al. 1994
Cape_Bounty_N2O,CA-Cab-2008-01,-10.26,-1026,-2052,continuous,Arctic,Upland,Bare,"Polar desert, barren",Canada,"Melville Island, Nunavut",Cape Bounty,74.92,-109.58,1,2008,6,,2008,7,,,,,,,,,,17.7,,0.16,,,,-11.4,11.3,7.6,125,,74,In situ,No,No,none,4,8,-0.07,ng N/m2/s,GC/static,opaque,,45,4,yes,yes,yes,Wagner I et al. 2019
Cape_Bounty_N2O,CA-Cab-2008-02,35.99,3599,7198,continuous,Arctic,Upland,Vegetated,"Polar desert, vegetated",Canada,"Melville Island, Nunavut",Cape Bounty,74.92,-109.58,1,2008,6,,2008,7,,,,,,,,,,17.7,,0.15,,,,-11.4,11,6.8,125,,74,In situ,No,No,none,4,4,0.26,ng N/m2/s,GC/static,opaque,,45,4,yes,yes,yes,Wagner I et al. 2019
Cape_Bounty_N2O,CA-Cab-2008-03,62.14,6214,12428,continuous,Arctic,Upland,Vegetated,Mesic tundra,Canada,"Melville Island, Nunavut",Cape Bounty,74.92,-109.58,1,2008,6,,2008,7,,,,,,,,,,30.6,,0.32,,,,-11.4,9.9,5.7,125,,66,In situ,No,No,none,4,8,0.46,ng N/m2/s,GC/static,opaque,,45,4,yes,yes,yes,Wagner I et al. 2019
Cape_Bounty_N2O,CA-Cab-2008-04,89.08,8908,17816,continuous,Arctic,Wetland,Vegetated,Wet sedge,Canada,"Melville Island, Nunavut",Cape Bounty,74.92,-109.58,1,2008,6,,2008,7,,,,,,,,,,68.2,,0.52,,,,-11.4,9.8,5.5,125,,63,In situ,No,No,none,4,8,0.66,ng N/m2/s,GC/static,opaque,,45,4,yes,yes,yes,Wagner I et al. 2019
Cape_Bounty_N2O,CA-Cab-2009-01,-2.21,-221,-442,continuous,Arctic,Upland,Bare,"Polar desert, barren",Canada,"Melville Island, Nunavut",Cape Bounty,74.92,-109.58,1,2009,6,,2009,7,,,,,,,,,,17.7,,0.34,,,,-11.4,3.8,5.5,125,,58,In situ,No,No,none,5,8,-0.02,ng N/m2/s,GC/static,opaque,,45,4,yes,yes,yes,Wagner I et al. 2019
Cape_Bounty_N2O,CA-Cab-2009-02,-10.66,-1066,-2132,continuous,Arctic,Upland,Vegetated,"Polar desert, vegetated",Canada,"Melville Island, Nunavut",Cape Bounty,74.92,-109.58,1,2009,6,,2009,7,,,,,,,,,,17.7,,0.35,,,,-11.4,3.8,4.4,125,,58,In situ,No,No,none,5,4,-0.08,ng N/m2/s,GC/static,opaque,,45,4,yes,yes,yes,Wagner I et al. 2019
Cape_Bounty_N2O,CA-Cab-2009-03,60.52,6052,12104,continuous,Arctic,Upland,Vegetated,Mesic tundra,Canada,"Melville Island, Nunavut",Cape Bounty,74.92,-109.58,1,2009,6,,2009,7,,,,,,,,,,30.6,,0.44,,,,-11.4,4.3,4,125,,45,In situ,No,No,none,5,8,0.45,ng N/m2/s,GC/static,opaque,,45,4,yes,yes,yes,Wagner I et al. 2019
Cape_Bounty_N2O,CA-Cab-2009-04,101.53,10153,20306,continuous,Arctic,Wetland,Vegetated,Wet sedge,Canada,"Melville Island, Nunavut",Cape Bounty,74.92,-109.58,1,2009,6,,2009,7,,,,,,,,,,68.2,,0.61,,,,-11.4,4.8,4.3,125,,55.83,In situ,No,No,none,5,8,0.74,ng N/m2/s,GC/static,opaque,,45,4,yes,yes,yes,Wagner I et al. 2019
Churchill_N2O,CA-Chu-2009-01,94.39,9439,18878,continuous,Subarctic,Upland,Vegetated,Back slope with taller vegetation. Some trees such as Picea glauca and small shrubs such as Vaccinium uliginosum were particularly abundant,Canada,Hudson Bay,Churchill,58.75,-93.85,1,2009,,,2009,,,20.37,0.96,22.6,0.33,0.18,5.7,,,,1.16,,,,23.935,-5.8,,6.5,501,,,In situ,No,No,none,1,36,0.02,nmol/m2/s,portable gas analzyer,opaque,,5,15,yes,yes,yes,Pare MC & Bedard-Haughn A 2012
Churchill_N2O,CA-Chu-2009-02,135.39,13539,27078,continuous,Subarctic,Wetland,Vegetated,Lower slope; high vegetation diversity growing on a silty and wet soil material. Carex aquatilis were found in wet parts whereas Vaccinium uliginosum was found in driest locations,Canada,Hudson Bay,Churchill,58.75,-93.85,1,2009,,,2009,,,33.72,1.81,20.5,1.13,0.03,6.7,,,,3.37,,,,66.909,-5.8,,5.8,501,,,In situ,No,No,none,1,36,0.04,nmol/m2/s,portable gas analzyer,opaque,,5,15,yes,yes,yes,Pare MC & Bedard-Haughn A 2012
Churchill_N2O,CA-Chu-2009-03,-691.86,-69186,-138372,continuous,Subarctic,Upland,Partly vegetated,Upper slope of the beach crests; relatively low vegetation cover as well as high gravel and rock content in the soil,Canada,Hudson Bay,Churchill,58.75,-93.85,1,2009,,,2009,,,5.24,0.31,18.1,0.13,0.18,6.3,,,,0.14,,,,15.725,-5.8,,10.4,501,,,In situ,No,No,none,1,36,-0.18,nmol/m2/s,portable gas analzyer,opaque,,5,15,yes,yes,yes,Pare MC & Bedard-Haughn A 2012
Churchill_N2O,CA-Chu-2009-04,-11.21,-1121,-2242,continuous,Subarctic,Peatland,Vegetated,Hummock (dry peatland); lichens and evergreen plants; Empetrum nigrum,Canada,Hudson Bay,Churchill,58.75,-93.85,1,2009,,,2009,,,47.14,1.65,33.3,0,0,3.9,,,,2.2,,,,11.534,-5.8,,7.7,501,,,In situ,No,No,none,1,15,0,nmol/m2/s,portable gas analzyer,opaque,,5,15,yes,yes,yes,Pare MC & Bedard-Haughn A 2012
Churchill_N2O,CA-Chu-2009-05,278.68,27868,55736,continuous,Subarctic,Peatland,Vegetated,Inter-hummock/wegde (wet peatland); dwarf birch and Carex vegetation types. Vaccinium uliginosum,Canada,Hudson Bay,Churchill,58.75,-93.85,1,2009,,,2009,,,39.4,2.75,15,0.66,0.27,5.9,,,,2.23,,,,24.945,-5.8,,5.9,501,,,In situ,No,No,none,1,15,0.07,nmol/m2/s,portable gas analzyer,opaque,,5,15,yes,yes,yes,Pare MC & Bedard-Haughn A 2012
Daring_Lake_N2O,CA-Dar-2008-01,-876.36,-87636,-175272,continuous,Arctic,Upland,Vegetated,"Back slope; high vegetation diversity, including several taller shrub species, growing on sandy material. Some vascular species such as A. alpina and B. glandulosa",Canada,Northwestern Canada,Daring Lake,64.83,-111.63,1,2008,,,2008,,,7.21,0.28,27.9,0.01,0.02,3.6,,,,0.57,,,,47.981,-9,,13.1,,,120,In situ,No,No,none,1,20,-0.23,nmol/m2/s,portable gas analzyer,opaque,,5,10,yes,yes,yes,Pare MC & Bedard-Haughn A 2012
Daring_Lake_N2O,CA-Dar-2008-02,1658.23,165823,331646,continuous,Arctic,Wetland,Vegetated,"Lower slopes; high vegetation diversity growing on silty and/or organicmaterials (i.e., poorly sorted sediments) sometimes associated with mud boils. Carex spp. and Eriophorium vaginatum were particularly abundant",Canada,Northwestern Canada,Daring Lake,64.83,-111.63,1,2008,,,2008,,,25.83,0.86,32.5,0.27,0.14,3.5,,,,2.28,,,,32.67,-9,,13.4,,,120,In situ,No,No,none,1,20,0.44,nmol/m2/s,portable gas analzyer,opaque,,5,10,yes,yes,yes,Pare MC & Bedard-Haughn A 2012
Daring_Lake_N2O,CA-Dar-2008-03,1052.03,105203,210406,continuous,Arctic,Upland,Partly vegetated,Upper slopes;  low vegetation cover as well as high gravel and rock contents. Lichens and Empetrum nigrum,Canada,Northwestern Canada,Daring Lake,64.83,-111.63,1,2008,,,2008,,,4.39,0.22,19.5,0.02,0.01,4.2,,,,0.5,,,,64.227,-9,,13.6,,,120,In situ,No,No,none,1,20,0.28,nmol/m2/s,portable gas analzyer,opaque,,5,10,yes,yes,yes,Pare MC & Bedard-Haughn A 2012
Dome_Desert_N2O,CA-Dom-2010-01,349.91,34991,69982,continuous,Arctic,Upland,Partly vegetated,"polar desert, less than 5% vegetation cover; alpine semi desert",Canada,"Ellesmere Island, Nunavut",Dome Desert,78.85,-75.92,1,2010,7,20,2010,7,21,4.77,1.63,2.9,0.61,0,8.6,,,,,,,5,5,-15,5,,100,42.4,,In situ,No,No,none,1,5,0.09,nmol N2O/m2/s,portable gas analzyer,opaque,,10,10,yes,yes,yes,Brummell ME et al. 2014
Dome_Desert_N2O,CA-Dom-2010-02,-562.89,-56289,-112578,continuous,Arctic,Upland,Partly vegetated,"polar desert, less than 5% vegetation cover; alpine semi desert",Canada,"Ellesmere Island, Nunavut",Dome Desert,78.85,-75.92,1,2010,7,20,2010,7,21,4.77,1.63,2.9,0.61,0,8.6,,,,,,,5,5,-15,5,,100,42.4,,In situ,No,No,none,1,5,-0.15,nmol N2O/m2/s,portable gas analzyer,transparent,,10,10,yes,yes,yes,Brummell ME et al. 2014
Eagle_Plains_N2O,CA-Eag-2015-01,92.3,9230,18460,continuous,Subarctic,Upland,Vegetated,"Forest, 46 years after burning",Canada,Northwestern Canada,Eagle Plains,66.98,-135.23,1,2015,7,,2015,7,,16.5,0.8,20.6,,,6.7,,,49,,,,,27.686,-8.8,16.4,5.3,248,49,,In situ,Yes,No,Fire,,9,0,mg N2O/m2/s,GC/static,opaque,,20,5,yes,yes,yes,KÃ¶ster E et al. 2017
Eagle_Plains_N2O,CA-Eag-2015-02,59.75,5975,11950,continuous,Subarctic,Upland,Vegetated,"Forest, 25 years after burning",Canada,Northwestern Canada,Eagle Plains,66.98,-135.23,1,2015,7,,2015,7,,15.5,0.5,31,,,5.2,,,40,,,,,21.159,-8.8,22.3,7.7,248,88,,In situ,Yes,No,Fire,,9,0,mg N2O/m2/s,GC/static,opaque,,20,5,yes,yes,yes,KÃ¶ster E et al. 2017
Eagle_Plains_N2O,CA-Eag-2015-03,121.82,12182,24364,continuous,Subarctic,Upland,Vegetated,"Forest, 3 years after burning",Canada,Northwestern Canada,Eagle Plains,66.98,-135.23,1,2015,7,,2015,7,,10.8,0.5,21.6,,,4.2,,,37,,,,,31.107,-8.8,17.7,6.8,248,101,,In situ,Yes,No,Fire,,9,0,mg N2O/m2/s,GC/static,opaque,,20,5,yes,yes,yes,KÃ¶ster E et al. 2017
Eagle_Plains_N2O,CA-Eag-2015-04,138.35,13835,27670,continuous,Subarctic,Upland,Vegetated,"Forest, undisturbed",Canada,Northwestern Canada,Eagle Plains,66.98,-135.23,1,2015,7,,2015,7,,28.4,0.9,31.6,,,5.1,,,55,,,,,15.373,-8.8,14.8,4.3,248,28,,In situ,No,No,none,,9,0,mg N2O/m2/s,GC/static,opaque,,20,5,yes,yes,yes,KÃ¶ster E et al. 2017
Expedition_Fjord_N2O,CA-Exf-2015-01,291,29100,58200,continuous,Arctic,Upland,Bare,Polygonal tundra - polygon trough,Canada,"Axel Heiberg Island, Nunavut",Expedition Fjord,79.43,-90.77,1,2015,7,,2015,7,,,,,2.57,0,,,,35.5,,,,,,,,9,,66.5,,In situ,No,No,none,2,4,0.29,mg N2O/m2/d,GC/static,opaque,,480,4,no,no,yes,Altshuler I et al. 2019
Expedition_Fjord_N2O,CA-Exf-2015-02,121,12100,24200,continuous,Arctic,Upland,Bare,Polygonal tundra - polygon center,Canada,"Axel Heiberg Island, Nunavut",Expedition Fjord,79.43,-90.77,1,2015,7,,2015,7,,,,,2.17,0,,,,13,,,,,,,,9,,66.5,,In situ,No,No,none,2,4,0.12,mg N2O/m2/d,GC/static,opaque,,480,4,no,no,yes,Altshuler I et al. 2019
Okse_Bay_N2O,CA-Oks-2010-01,34.23,3423,6846,continuous,Arctic,Upland,Partly vegetated,"polar desert, less than 5% vegetation cover; raised beach crest with moist tundra patches",Canada,"Ellesmere Island, Nunavut",Okse Bay,77.13,-87.65,1,2010,7,13,2010,7,17,3.32,0.57,5.8,2.05,0.41,7.9,,,,,,,6,6.2,-15,5,,100,49.7,,In situ,Yes,No,Birds,1,5,0.01,nmol N2O/m2/s,portable gas analzyer,opaque,,10,10,yes,yes,yes,Brummell ME et al. 2014
Okse_Bay_N2O,CA-Oks-2010-02,3.8,380,760,continuous,Arctic,Upland,Partly vegetated,"polar desert, less than 5% vegetation cover; raised beach crest with moist tundra patches",Canada,"Ellesmere Island, Nunavut",Okse Bay,77.13,-87.65,1,2010,7,13,2010,7,17,3.32,0.57,5.8,2.05,0.41,7.9,,,,,,,6,6.2,-15,5,,100,49.7,,In situ,Yes,No,Birds,1,5,0,nmol N2O/m2/s,portable gas analzyer,transparent,,10,10,yes,yes,yes,Brummell ME et al. 2014
Patterson_River_N2O,CA-Pat-2010-01,-604.73,-60473,-120946,continuous,Arctic,Upland,Partly vegetated,"polar desert, less than 5% vegetation cover; fluvial outwash plain",Canada,"Ellesmere Island, Nunavut",Patterson River,82.58,-63.75,1,2010,7,30,2010,8,1,7.17,3.33,2.2,0.4,0.15,8.6,,,,,,,4,4.5,-15,5,,100,35.5,,In situ,No,No,none,1,5,-0.16,nmol N2O/m2/s,portable gas analzyer,opaque,,10,10,yes,yes,yes,Brummell ME et al. 2014
Patterson_River_N2O,CA-Pat-2010-02,-1026.9,-102690,-205380,continuous,Arctic,Upland,Partly vegetated,"polar desert, less than 5% vegetation cover; fluvial outwash plain",Canada,"Ellesmere Island, Nunavut",Patterson River,82.58,-63.75,1,2010,7,30,2010,8,1,7.17,3.33,2.2,0.4,0.15,8.6,,,,,,,4,4.5,-15,5,,100,35.5,,In situ,No,No,none,1,5,-0.27,nmol N2O/m2/s,portable gas analzyer,transparent,,10,10,yes,yes,yes,Brummell ME et al. 2014
Truelove_Lowland_N2O,CA-Tru-2004-01,9.54,954,1908,continuous,Arctic,Upland,Vegetated,"Lower foreslope, Brunisolic Eutric Turbic Cryosol (LFS)",Canada,"Devon Island, Nunavut",Truelove Lowland,75.67,-84.58,1,2004,6,16,2004,7,13,3.78,0.19,19.9,7.12,1.51,6.7,,,,0.66,,,,93.755,-16,,4.1,185,,,In situ,No,No,none,9,5,1.64,g N2O-N/ha,GC/static,opaque,,135,4,yes,no,yes,Ma WK et al. 2007
Truelove_Lowland_N2O,CA-Tru-2004-02,3.43,343,686,continuous,Arctic,Upland,Vegetated,"Raised beach crest, Regosolic static cryosol (RBC)",Canada,"Devon Island, Nunavut",Truelove Lowland,75.67,-84.58,1,2004,6,16,2004,7,13,4.47,0.2,22.4,2.77,1.35,7.5,,,,0.2,,,,25.361,-16,,5.4,185,,,In situ,No,No,none,9,5,0.59,g N2O-N/ha,GC/static,opaque,,135,4,yes,no,yes,Ma WK et al. 2007
Truelove_Lowland_N2O,CA-Tru-2004-03,26.6,2660,5320,continuous,Arctic,Wetland,Vegetated,"Wed sedge meadow, Gleysolic Turbic Cryosol (WSM)",Canada,"Devon Island, Nunavut",Truelove Lowland,75.67,-84.58,1,2004,6,16,2004,7,13,30,1.54,19.5,36.24,7.52,6.9,,,,6.48,,,90,90,-16,,5.1,185,,,In situ,No,No,none,9,5,4.57,g N2O-N/ha,GC/static,opaque,,135,4,yes,no,yes,Ma WK et al. 2007
Daxing-an_Mountains_N2O,CH-Dax-2016-01,977.76,97776,195552,continuous,Alpine,Peatland,Vegetated,Swamp coniferous forest (LL),China,Central Asia,Daxing'an Mountains,53.28,122.1,1,2016,6,,2016,9,,53.41,3.01,17.2,4.38,0.86,4.7,,,,,,,,,-4.9,,8.2,490,,,In situ,No,No,none,8,3,40.74,Âµg N2O/m2/h,GC/static,opaque,,45,4,no,no,yes,Gao W et al. 2019
Daxing-an_Mountains_N2O,CH-Dax-2016-02,708.96,70896,141792,continuous,Alpine,Peatland,Vegetated,Swamp coniferous forest (LC),China,Central Asia,Daxing'an Mountains,53.28,122.1,1,2016,6,,2016,9,,62.38,5.01,12.5,5.14,0.78,5,,,,,,,100,100,-4.9,,8,490,,,In situ,No,No,none,8,3,29.54,Âµg N2O/m2/h,GC/static,opaque,,45,4,no,no,yes,Gao W et al. 2019
Daxing-an_Mountains_N2O,CH-Dax-2016-03,920.16,92016,184032,continuous,Alpine,Peatland,Vegetated,Swamp coniferous forest (BC),China,Central Asia,Daxing'an Mountains,53.28,122.1,1,2016,6,,2016,9,,49.42,2.51,19.7,4.22,0.8,4.9,,,,,,,100,100,-4.9,,9.2,490,,,In situ,No,No,none,8,3,38.34,Âµg N2O/m2/h,GC/static,opaque,,45,4,no,no,yes,Gao W et al. 2019
Eboling_Mountains_N2O,CH-Ebo-2016-01,41800,4180000,8360000,sporadic,Alpine,Upland,Vegetated,"Thermokarst Alpine tundra, Undisturbed; Carex L, and Kobresia Willd",China,Qinghai-Tibetan Plateau,Eboling Mountains,38,100.91,1,2016,6,26,2016,9,30,9.35,1.35,6.9,1.09,1.05,6.1,,,,1.3,0.4,,,50.801,-0.8,6.8,8.7,433,71,99,In situ,No,No,none,3,12,0.01,Âµmol/m2/s,GC/static,opaque,,15,4,yes,yes,yes,Mu CC et al. 2017
Eboling_Mountains_N2O,CH-Ebo-2016-02,17800,1780000,3560000,sporadic,Alpine,Upland,Vegetated,"Drape patches, collapsed but vegetated with Carex L, K. Willd, Agropyron, Poa, and Koeleria; 65% of the thermokarst gully",China,Qinghai-Tibetan Plateau,Eboling Mountains,38,100.91,1,2016,6,26,2016,9,30,9.12,1.32,6.9,0.66,8.18,7.2,,,,0.95,0.4,,,51.099,-0.8,6.8,8.4,433,66,92,In situ,Yes,No,Thermokarst,3,12,0.01,Âµmol/m2/s,GC/static,opaque,,15,4,yes,yes,yes,Mu CC et al. 2017
Eboling_Mountains_N2O,CH-Ebo-2016-03,67300,6730000,13460000,sporadic,Alpine,Upland,Bare,"Exposed patches, collapsed, bare mineral soil; 35% of the gully",China,Qinghai-Tibetan Plateau,Eboling Mountains,38,100.91,1,2016,6,26,2016,9,30,8.81,1.32,6.7,0.91,11.1,7,,,,1,0.4,,,51.518,-0.8,6.8,6.8,433,48,68,In situ,Yes,No,Thermokarst,3,12,0.02,Âµmol/m2/s,GC/static,opaque,,15,4,yes,yes,yes,Mu CC et al. 2017
Fenghuo_Mountains_N2O,CH-Fen-2014-01,43.2,4320,8640,discontinuous,Alpine,Upland,Vegetated,Alpine meadow,China,Qinghai-Tibetan Plateau,Fenghuo Mountains,34.72,92.88,2,2014,5,15,2015,10,15,2.73,0.16,16.9,3.7,18.5,7.8,,0.89,23,0.23,,,,31.85,-5.2,4.8,5,311,,115,In situ,No,No,none,61,3,1.8,Âµg N2O/m2/h,GC/static,opaque,,30,4,yes,yes,yes,Chen X et al. 2017
Fenghuo_Mountains_N2O,CH-Fen-2014-02,264.72,26472,52944,discontinuous,Alpine,Upland,Vegetated,Alpine meadow,China,Qinghai-Tibetan Plateau,Fenghuo Mountains,34.72,92.88,2,2014,5,15,2015,10,15,3.12,0.17,18.9,4.5,29.2,7.7,,0.87,17,0.17,,,,22.77,-5.2,9.3,10.2,311,,115,In situ,Yes,Yes,Warming,61,3,11.03,Âµg N2O/m2/h,GC/static,opaque,,30,4,yes,yes,yes,Chen X et al. 2017
Fenghuo_Mountains_N2O,CH-Fen-2014-03,77.52,7752,15504,discontinuous,Alpine,Upland,Vegetated,Alpine meadow,China,Qinghai-Tibetan Plateau,Fenghuo Mountains,34.72,92.88,2,2014,5,15,2015,10,15,2.68,0.16,16.8,3.98,42.2,7.7,,0.88,23,0.23,,,,31.289,-5.2,4.8,5,311,,115,In situ,Yes,Yes,N-addition,61,3,3.23,Âµg N2O/m2/h,GC/static,opaque,,30,4,yes,yes,yes,Chen X et al. 2017
Fenghuo_Mountains_N2O,CH-Fen-2014-04,330.24,33024,66048,discontinuous,Alpine,Upland,Vegetated,Alpine meadow,China,Qinghai-Tibetan Plateau,Fenghuo Mountains,34.72,92.88,2,2014,5,15,2015,10,15,2.94,0.17,17.3,3.93,34.29,7.6,,0.86,17,0.17,,,,22.351,-5.2,9.3,10.2,311,,115,In situ,Yes,Yes,"Warming, N-addition",61,3,13.76,Âµg N2O/m2/h,GC/static,opaque,,30,4,yes,yes,yes,Chen X et al. 2017
Geermu_N2O,CH-Gee-2015-01,28.58,2858,5716,sporadic,Alpine,Upland,Vegetated,"Alpine swamp meadow, vegetated by graminoids, such as Kobresia tibetica, K. royleana, and Carex atrofuscoides",China,Qinghai-Tibetan Plateau,Geermu,37.47,100.28,1,2015,7,,2015,8,,19.4,1.5,12.9,,1.66,5.6,,0.27,67.6,,,,,64.536,-3.3,,8.6,460,90,,In situ,No,No,none,6,10,0.03,mg N2O/m2/d,GC/static,opaque,,40,5,no,no,yes,Yang G et al. 2018
Geermu_N2O,CH-Gee-2015-02,231.62,23162,46324,sporadic,Alpine,Upland,Vegetated,"Alpine swamp meadow with recent (3 years) permafrost collapse, vegetated",China,Qinghai-Tibetan Plateau,Geermu,37.47,100.28,1,2015,7,,2015,8,,19.4,1.5,12.9,,2.76,5.5,,0.27,48.6,,,,,29.247,-3.3,,8.8,460,90,,In situ,Yes,No,Thermokarst,6,10,0.23,mg N2O/m2/d,GC/static,opaque,,40,5,no,no,yes,Yang G et al. 2018
Geermu_N2O,CH-Gee-2015-03,81.94,8194,16388,sporadic,Alpine,Upland,Vegetated,"Alpine swamp meadow with medium (12 years) permafrost collapse, vegetated",China,Qinghai-Tibetan Plateau,Geermu,37.47,100.28,1,2015,7,,2015,8,,19.4,1.5,12.9,,1.87,5.7,,0.27,62.8,,,,,52.218,-3.3,,9,460,90,,In situ,Yes,No,Thermokarst,6,10,0.08,mg N2O/m2/d,GC/static,opaque,,40,5,no,no,yes,Yang G et al. 2018
Geermu_N2O,CH-Gee-2015-04,27.58,2758,5516,sporadic,Alpine,Upland,Vegetated,"Alpine swamp meadow with old (20 years) permafrost collapse, vegetated",China,Qinghai-Tibetan Plateau,Geermu,37.47,100.28,1,2015,7,,2015,8,,19.4,1.5,12.9,,0.55,5.7,,0.27,63.07,,,,,52.826,-3.3,,9.2,460,90,,In situ,Yes,No,Thermokarst,6,10,0.03,mg N2O/m2/d,GC/static,opaque,,40,5,no,no,yes,Yang G et al. 2018
Geermu_N2O,CH-Gee-2016-01,23.78,2378,4756,sporadic,Alpine,Upland,Vegetated,"Alpine swamp meadow, vegetated by graminoids, such as Kobresia tibetica, K. royleana, and Carex atrofuscoides",China,Qinghai-Tibetan Plateau,Geermu,37.47,100.28,1,2016,7,,2016,8,,19.4,1.5,12.9,,1.66,5.6,,0.27,67.6,,,,,64.536,-3.3,,8.6,460,90,,In situ,No,No,none,5,10,0.02,mg N2O/m2/d,GC/static,opaque,,40,5,no,no,yes,Yang G et al. 2018
Geermu_N2O,CH-Gee-2016-02,157.42,15742,31484,sporadic,Alpine,Upland,Vegetated,"Alpine swamp meadow with recent (3 years) permafrost collapse, vegetated",China,Qinghai-Tibetan Plateau,Geermu,37.47,100.28,1,2016,7,,2016,8,,19.4,1.5,12.9,,2.76,5.5,,0.27,48.6,,,,,29.247,-3.3,,8.8,460,90,,In situ,Yes,No,Thermokarst,5,10,0.16,mg N2O/m2/d,GC/static,opaque,,40,5,no,no,yes,Yang G et al. 2018
Geermu_N2O,CH-Gee-2016-03,31.32,3132,6264,sporadic,Alpine,Upland,Vegetated,"Alpine swamp meadow with medium (12 years) permafrost collapse, vegetated",China,Qinghai-Tibetan Plateau,Geermu,37.47,100.28,1,2016,7,,2016,8,,19.4,1.5,12.9,,1.87,5.7,,0.27,62.8,,,,,52.218,-3.3,,9,460,90,,In situ,Yes,No,Thermokarst,5,10,0.03,mg N2O/m2/d,GC/static,opaque,,40,5,no,no,yes,Yang G et al. 2018
Geermu_N2O,CH-Gee-2016-04,17.11,1711,3422,sporadic,Alpine,Upland,Vegetated,"Alpine swamp meadow with old (20 years) permafrost collapse, vegetated",China,Qinghai-Tibetan Plateau,Geermu,37.47,100.28,1,2016,7,,2016,8,,19.4,1.5,12.9,,0.55,5.7,,0.27,63.07,,,,,52.826,-3.3,,9.2,460,90,,In situ,Yes,No,Thermokarst,5,10,0.02,mg N2O/m2/d,GC/static,opaque,,40,5,no,no,yes,Yang G et al. 2018
Geermu_N2O,CH-Gee-2016-05,3050.38,305038,610076,sporadic,Alpine,Upland,Bare,"Alpine swamp meadow with recent (3 years) permafrost collapse, bare",China,Qinghai-Tibetan Plateau,Geermu,37.47,100.28,1,2016,7,,2016,8,,19.4,1.5,12.9,,4.49,5.1,,0.27,49.2,,,,,29.957,-3.3,,6.7,460,90,,In situ,Yes,No,Thermokarst,5,5,3.05,mg N2O/m2/d,GC/static,opaque,,40,5,no,no,yes,Yang G et al. 2018
Geermu_N2O,CH-Gee-2016-06,65.11,6511,13022,sporadic,Alpine,Upland,Bare,"Alpine swamp meadow with medium (12 years) permafrost collapse, bare",China,Qinghai-Tibetan Plateau,Geermu,37.47,100.28,1,2016,7,,2016,8,,19.4,1.5,12.9,,0.99,5.6,,0.27,56.58,,,,,40.307,-3.3,,6.7,460,90,,In situ,Yes,No,Thermokarst,5,5,0.07,mg N2O/m2/d,GC/static,opaque,,40,5,no,no,yes,Yang G et al. 2018
Geermu_N2O,CH-Gee-2016-07,11.23,1123,2246,sporadic,Alpine,Upland,Bare,"Alpine swamp meadow with old (20 years) permafrost collapse, bare",China,Qinghai-Tibetan Plateau,Geermu,37.47,100.28,1,2016,7,,2016,8,,19.4,1.5,12.9,,0.3,5.5,,0.27,62.06,,,,,50.596,-3.3,,8.2,460,90,,In situ,Yes,No,Thermokarst,5,5,0.01,mg N2O/m2/d,GC/static,opaque,,40,5,no,no,yes,Yang G et al. 2018
Great_Hing-an_Mountains_N2O,CH-Ghm-2013-01,9.84,984,1968,continuous,Alpine,Peatland,Vegetated,"Peatland, Betula fruticosa dominance",China,Central Asia,Great Hing'an Mountains,52.94,122.86,1,2013,5,,2013,10,,47.95,1.93,24.9,,,4.2,,,25,,,,,1.616,-3.9,,7,452,,75,In situ,No,No,none,11,3,0.41,Âµg N2O/m2/h,GC/static,opaque,,30,4,no,no,yes,Cui Q et al. 2018
Great_Hing-an_Mountains_N2O,CH-Ghm-2013-02,49.68,4968,9936,continuous,Alpine,Peatland,Vegetated,"Peatland, Ledum palustre dominance",China,Central Asia,Great Hing'an Mountains,52.94,122.86,1,2013,5,,2013,10,,43.96,1.86,23.6,,,4.5,,,25,,,,,2.38,-3.9,,7,452,,76,In situ,No,No,none,11,3,2.07,Âµg N2O/m2/h,GC/static,opaque,,30,4,no,no,yes,Cui Q et al. 2018
Great_Hing-an_Mountains_N2O,CH-Ghm-2013-03,185.04,18504,37008,continuous,Alpine,Peatland,Vegetated,"Peatland, Betula fruticosa dominance",China,Central Asia,Great Hing'an Mountains,52.94,122.86,1,2013,5,,2013,10,,47.95,1.93,23.6,,,4.2,,,25,,,,,1.616,-3.9,,9,452,,81,In situ,Yes,Yes,Warming,11,3,7.71,Âµg N2O/m2/h,GC/static,opaque,,30,4,no,no,yes,Cui Q et al. 2018
Great_Hing-an_Mountains_N2O,CH-Ghm-2013-04,189.36,18936,37872,continuous,Alpine,Peatland,Vegetated,"Peatland, Ledum palustre dominance",China,Central Asia,Great Hing'an Mountains,52.94,122.86,1,2013,5,,2013,10,,43.96,1.86,24.9,,,4.5,,,25,,,,,2.38,-3.9,,9,452,,82,In situ,Yes,Yes,Warming,11,3,7.89,Âµg N2O/m2/h,GC/static,opaque,,30,4,no,no,yes,Cui Q et al. 2018
Great_Hing-an_Mountains_N2O,CH-Ghm-2014-01,109.2,10920,21840,continuous,Alpine,Peatland,Vegetated,"Peatland, Betula fruticosa dominance",China,Central Asia,Great Hing'an Mountains,52.94,122.86,1,2014,5,,2014,10,,47.95,1.93,24.9,,,4.2,,,22,,,,,1.367,-3.9,15,7,452,,75,In situ,No,No,none,12,3,4.55,Âµg N2O/m2/h,GC/static,opaque,,30,4,no,no,yes,Cui Q et al. 2018
Great_Hing-an_Mountains_N2O,CH-Ghm-2014-02,79.68,7968,15936,continuous,Alpine,Peatland,Vegetated,"Peatland, Ledum palustre dominance",China,Central Asia,Great Hing'an Mountains,52.94,122.86,1,2014,5,,2014,10,,43.96,1.86,23.6,,,4.5,,,22,,,,,2.014,-3.9,10,6,452,,74,In situ,No,No,none,12,3,3.32,Âµg N2O/m2/h,GC/static,opaque,,30,4,no,no,yes,Cui Q et al. 2018
Great_Hing-an_Mountains_N2O,CH-Ghm-2014-03,224.16,22416,44832,continuous,Alpine,Peatland,Vegetated,"Peatland, Betula fruticosa dominance",China,Central Asia,Great Hing'an Mountains,52.94,122.86,1,2014,5,,2014,10,,47.95,1.93,23.6,,,4.2,,,22,,,,,1.367,-3.9,15.6,9,452,,83,In situ,Yes,Yes,Warming,12,3,9.34,Âµg N2O/m2/h,GC/static,opaque,,30,4,no,no,yes,Cui Q et al. 2018
Great_Hing-an_Mountains_N2O,CH-Ghm-2014-04,163.92,16392,32784,continuous,Alpine,Peatland,Vegetated,"Peatland, Ledum palustre dominance",China,Central Asia,Great Hing'an Mountains,52.94,122.86,1,2014,5,,2014,10,,43.96,1.86,24.9,,,4.5,,,22,,,,,2.014,-3.9,10.6,8,452,,82,In situ,Yes,Yes,Warming,12,3,6.83,Âµg N2O/m2/h,GC/static,opaque,,30,4,no,no,yes,Cui Q et al. 2018
Great_Hing-an_Mountains_N2O,CH-Ghm-2015-01,15.36,1536,3072,continuous,Alpine,Peatland,Vegetated,"Peatland, Betula fruticosa dominance",China,Central Asia,Great Hing'an Mountains,52.94,122.86,1,2015,5,,2015,10,,47.95,1.93,24.9,,,4.2,,,40,,,,,3.232,-3.9,11,7,452,,73,In situ,No,No,none,16,3,0.64,Âµg N2O/m2/h,GC/static,opaque,,30,4,no,no,yes,Cui Q et al. 2018
Great_Hing-an_Mountains_N2O,CH-Ghm-2015-02,61.92,6192,12384,continuous,Alpine,Peatland,Vegetated,"Peatland, Ledum palustre dominance",China,Central Asia,Great Hing'an Mountains,52.94,122.86,1,2015,5,,2015,10,,43.96,1.86,23.6,,,4.5,,,40,,,,,4.761,-3.9,13,7,452,,72,In situ,No,No,none,14,3,2.58,Âµg N2O/m2/h,GC/static,opaque,,30,4,no,no,yes,Cui Q et al. 2018
Great_Hing-an_Mountains_N2O,CH-Ghm-2015-03,158.88,15888,31776,continuous,Alpine,Peatland,Vegetated,"Peatland, Betula fruticosa dominance",China,Central Asia,Great Hing'an Mountains,52.94,122.86,1,2015,5,,2015,10,,47.95,1.93,23.6,,,4.2,,,40,,,,,3.232,-3.9,11.6,9,452,,82,In situ,Yes,Yes,Warming,16,3,6.62,Âµg N2O/m2/h,GC/static,opaque,,30,4,no,no,yes,Cui Q et al. 2018
Great_Hing-an_Mountains_N2O,CH-Ghm-2015-04,200.16,20016,40032,continuous,Alpine,Peatland,Vegetated,"Peatland, Ledum palustre dominance",China,Central Asia,Great Hing'an Mountains,52.94,122.86,1,2015,5,,2015,10,,43.96,1.86,24.9,,,4.5,,,40,,,,,4.761,-3.9,13.6,9,452,,82,In situ,Yes,Yes,Warming,14,3,8.34,Âµg N2O/m2/h,GC/static,opaque,,30,4,no,no,yes,Cui Q et al. 2018
Haibei_N2O,CH-Hai-2000-01,1197.6,119760,239520,sporadic,Alpine,Upland,Vegetated,Alpine meadow,China,Qinghai-Tibetan Plateau,Haibei,37.6,101.2,10,2000,5,,2014,9,,3.35,,,9.1,1.87,7.4,,0.75,,,,,,,-1.7,,,560,,,In situ,No,No,none,#200,,49.9,Âµg N2O/m2/h,GC/static,opaque,,30,4,no,no,yes,Cao Y et al. 2018
Haibei_N2O,CH-Hai-2000-02,648,64800,129600,sporadic,Alpine,Upland,Vegetated,Alpine meadow,China,Qinghai-Tibetan Plateau,Haibei,37.6,101.2,10,2000,5,,2014,9,,3.35,,,9.1,1.87,7.4,,0.75,,,,,,,-1.7,,,560,,,In situ,No,No,none,#180,,27,Âµg N2O/m2/h,GC/static,opaque,,30,4,no,no,yes,Cao Y et al. 2018
Haibei_N2O,CH-Hai-2003-01,1147.2,114720,229440,sporadic,Alpine,Upland,Vegetated,"Alpine Kobresia humilis meadow, Herbaeous, HCK",China,Qinghai-Tibetan Plateau,Haibei,37.53,101.25,4,2003,6,,2006,6,,5.5,,,,,7.3,,0.75,40.3,,,53.6,,43.718,-0.8,,,560,,,In situ,Yes,No,Grazing,86,3,47.8,Âµg N2O/m2/h,GC/static,opaque,,30,4,no,no,yes,Du Y et al. 2008
Haibei_N2O,CH-Hai-2003-02,739.2,73920,147840,sporadic,Alpine,Upland,Bare,"Alpine Kobresia humilis meadow, Bare, BSK",China,Qinghai-Tibetan Plateau,Haibei,37.53,101.25,4,2003,6,,2006,6,,5.5,,,,,7.3,,0.75,,,,,,,-0.8,,,560,,,In situ,Yes,Yes,Plant removal,90,3,30.8,Âµg N2O/m2/h,GC/static,opaque,,30,4,no,no,yes,Du Y et al. 2008
Haibei_N2O,CH-Hai-2003-03,1214.4,121440,242880,sporadic,Alpine,Upland,Vegetated,"Potentilla fructicosa shrub meadow, Herbaeous, HCP",China,Qinghai-Tibetan Plateau,Haibei,37.53,101.25,4,2003,6,,2006,6,,5.7,,,,,6.4,,0.88,35.9,,,99.6,,49.579,-0.8,,,560,,,In situ,Yes,No,Grazing,87,3,50.6,Âµg N2O/m2/h,GC/static,opaque,,30,4,no,no,yes,Du Y et al. 2008
Haibei_N2O,CH-Hai-2003-04,1454.4,145440,290880,sporadic,Alpine,Upland,Vegetated,"Potentilla fructicosa shrub meadow, Shrubs, SCP",China,Qinghai-Tibetan Plateau,Haibei,37.53,101.25,4,2003,6,,2006,6,,5.7,,,,,6.4,,0.88,,,,99.6,,,-0.8,,,560,,,In situ,Yes,No,Grazing,79,3,60.6,Âµg N2O/m2/h,GC/static,opaque,,30,4,no,no,yes,Du Y et al. 2008
Haibei_N2O,CH-Hai-2003-05,967.2,96720,193440,sporadic,Alpine,Upland,Bare,"Potentilla fructicosa shrub meadow, Bare, BSP",China,Qinghai-Tibetan Plateau,Haibei,37.53,101.25,4,2003,6,,2006,6,,5.7,,,,,6.4,,0.88,,,,,,,-0.8,,,560,,,In situ,Yes,Yes,Plant removal,81,3,40.3,Âµg N2O/m2/h,GC/static,opaque,,30,4,no,no,yes,Du Y et al. 2008
Haibei_N2O,CH-Hai-2003-06,556.8,55680,111360,sporadic,Alpine,Upland,Vegetated,"Alpine Kobresia humilis meadow, Herbaeous, HCK",China,Qinghai-Tibetan Plateau,Haibei,37.53,101.25,3,2003,10,,2006,4,,5.5,,,,,7.3,,0.75,40.3,,,53.6,,43.718,-0.8,,,560,,,In situ,Yes,No,Grazing,42,3,23.2,Âµg N2O/m2/h,GC/static,opaque,,30,4,no,no,yes,Du Y et al. 2008
Haibei_N2O,CH-Hai-2003-07,660,66000,132000,sporadic,Alpine,Upland,Bare,"Alpine Kobresia humilis meadow, Bare, BSK",China,Qinghai-Tibetan Plateau,Haibei,37.53,101.25,3,2003,10,,2006,4,,5.5,,,,,7.3,,0.75,,,,,,,-0.8,,,560,,,In situ,Yes,Yes,Plant removal,50,3,27.5,Âµg N2O/m2/h,GC/static,opaque,,30,4,no,no,yes,Du Y et al. 2008
Haibei_N2O,CH-Hai-2003-08,513.6,51360,102720,sporadic,Alpine,Upland,Vegetated,"Potentilla fructicosa shrub meadow, Herbaeous, HCP",China,Qinghai-Tibetan Plateau,Haibei,37.53,101.25,3,2003,10,,2006,4,,5.7,,,,,6.4,,0.88,35.9,,,99.6,,49.579,-0.8,,,560,,,In situ,Yes,No,Grazing,42,3,21.4,Âµg N2O/m2/h,GC/static,opaque,,30,4,no,no,yes,Du Y et al. 2008
Haibei_N2O,CH-Hai-2003-09,818.4,81840,163680,sporadic,Alpine,Upland,Vegetated,"Potentilla fructicosa shrub meadow, Shrubs, SCP",China,Qinghai-Tibetan Plateau,Haibei,37.53,101.25,3,2003,10,,2006,4,,5.7,,,,,6.4,,0.88,,,,99.6,,,-0.8,,,560,,,In situ,Yes,No,Grazing,49,3,34.1,Âµg N2O/m2/h,GC/static,opaque,,30,4,no,no,yes,Du Y et al. 2008
Haibei_N2O,CH-Hai-2003-10,828,82800,165600,sporadic,Alpine,Upland,Bare,"Potentilla fructicosa shrub meadow, Bare, BSP",China,Qinghai-Tibetan Plateau,Haibei,37.53,101.25,3,2003,10,,2006,4,,5.7,,,,,6.4,,0.88,,,,,,,-0.8,,,560,,,In situ,Yes,Yes,Plant removal,48,3,34.5,Âµg N2O/m2/h,GC/static,opaque,,30,4,no,no,yes,Du Y et al. 2008
Haibei_N2O,CH-Hai-2005-01,117.82,11782,23564,discontinuous,Alpine,Peatland,Vegetated,W1 Bog,China,Qinghai-Tibetan Plateau,Haibei,37.62,101.32,1,2006,7,18,2006,7,18,20.9,2.22,9.5,,,6.9,,,,,0.82,,69,68.9,-1.7,,18.2,561,,,In situ,Yes,No,Grazing,1,15,4.91,Âµg N2O/m2/h,GC/static,opaque,,60,5,yes,yes,yes,Kato T et al. 2011
Haibei_N2O,CH-Hai-2005-02,132.24,13224,26448,discontinuous,Alpine,Upland,Vegetated,Alpine meadow,China,Qinghai-Tibetan Plateau,Haibei,37.62,101.32,1,2005,7,21,2005,7,21,,,,,,,,,,,,,,,-1.7,,,561,,,in situ,Yes,No,Grazing,1,4,5.51,Âµg N2O/m2/h,GC/static,opaque,,60,5,yes,yes,yes,Kato T et al. 2011
Haibei_N2O,CH-Hai-2005-03,94.32,9432,18864,discontinuous,Alpine,Upland,Vegetated,Alpine shrubland,China,Qinghai-Tibetan Plateau,Haibei,37.62,101.32,1,2005,7,23,2005,7,23,,,,,,,,,,,,,,,-1.7,,,561,,,in situ,Yes,No,Grazing,1,4,3.93,Âµg N2O/m2/h,GC/static,opaque,,60,5,yes,yes,yes,Kato T et al. 2011
Haibei_N2O,CH-Hai-2005-04,4.3,430,860,discontinuous,Alpine,Wetland,Vegetated,Alpine wetland,China,Qinghai-Tibetan Plateau,Haibei,37.62,101.32,1,2005,7,25,2005,7,25,,,,,,,,,,,,,,,-1.7,,,561,,,in situ,Yes,No,Grazing,1,4,0.18,Âµg N2O/m2/h,GC/static,opaque,,60,5,yes,yes,yes,Kato T et al. 2011
Haibei_N2O,CH-Hai-2005-05,19.44,1944,3888,sporadic,Alpine,Upland,Vegetated,Alpine meadow,China,Qinghai-Tibetan Plateau,Haibei,37.48,101.2,1,2005,7,21,2005,7,21,,,,,,,,,,,0.4,,,,-1.7,,15,561,,,In situ,Yes,No,Grazing,4,4,0.81,Âµg N2O/m2/h,GC/static,opaque,,60,5,yes,no,yes,Kato T et al. 2013
Haibei_N2O,CH-Hai-2005-06,72.24,7224,14448,sporadic,Alpine,Upland,Vegetated,Alpine shrubland,China,Qinghai-Tibetan Plateau,Haibei,37.48,101.2,1,2005,7,23,2005,7,23,,,,,,,,,,,0.32,,,,-1.7,,15,561,,,In situ,Yes,No,Grazing,4,4,3.01,Âµg N2O/m2/h,GC/static,opaque,,60,5,yes,no,yes,Kato T et al. 2013
Haibei_N2O,CH-Hai-2005-07,-25.2,-2520,-5040,sporadic,Alpine,Wetland,Vegetated,Alpine wetland,China,Qinghai-Tibetan Plateau,Haibei,37.48,101.2,1,2005,7,25,2005,7,25,,,,,,,,,,,0.65,,,,-1.7,,15,561,,,In situ,Yes,No,Grazing,4,4,-1.05,Âµg N2O/m2/h,GC/static,opaque,,60,5,yes,no,yes,Kato T et al. 2013
Haibei_N2O,CH-Hai-2005-08,9192,919200,1838400,sporadic,Alpine,Upland,Vegetated,"Alpine meadow; Kobresia humilis, Festuca ovina, Elymus nutans, Poa spp., Carex spp., Scripus distigmaticus, Gentiana straminea, Gentiana farreri, Leontop odiumnanum, and Potentilla nivea",China,Qinghai-Tibetan Plateau,Haibei,37.62,101.2,1,2005,7,24,2005,8,30,7.3,,,22,17.2,6.9,,0.88,,,,,58,58,-1.7,9.4,15.2,580,,,In situ,Yes,No,Grazing,15,4,383,Âµg N2O/m2/h,GC/static,opaque,,30,4,yes,yes,yes,Lin X et al. 2009
Haibei_N2O,CH-Hai-2006-01,72,7200,14400,discontinuous,Alpine,Upland,Vegetated,D1 Meadow,China,Qinghai-Tibetan Plateau,Haibei,36.7,99.55,1,2006,7,24,2006,7,24,5.7,0.95,5.9,,,,,,,,0.18,,31,30.6,-1.7,,18.4,561,,,In situ,Yes,No,Grazing,1,4,3,Âµg N2O/m2/h,GC/static,opaque,,60,5,yes,yes,yes,Kato T et al. 2011
Haibei_N2O,CH-Hai-2006-02,3.38,338,676,discontinuous,Alpine,Upland,Vegetated,D2 Dry steppe,China,Qinghai-Tibetan Plateau,Haibei,36.43,98.23,1,2006,7,26,2006,7,26,0.68,0.21,3,,,,,,,,0.17,,28,27.7,-1.7,,28.8,561,,,In situ,Yes,No,Grazing,1,4,0.14,Âµg N2O/m2/h,GC/static,opaque,,60,5,yes,yes,yes,Kato T et al. 2011
Haibei_N2O,CH-Hai-2006-03,126,12600,25200,discontinuous,Alpine,Upland,Bare,D3 Desert,China,Qinghai-Tibetan Plateau,Haibei,36.37,95.03,1,2006,7,28,2006,7,28,0.09,0.09,0.7,,,,,,,,0.17,,30,29.6,-1.7,,29.9,561,,,In situ,Yes,No,Grazing,1,4,5.25,Âµg N2O/m2/h,GC/static,opaque,,60,5,yes,yes,yes,Kato T et al. 2011
Haibei_N2O,CH-Hai-2006-04,11.26,1126,2252,discontinuous,Alpine,Upland,Vegetated,D4 Steppe,China,Qinghai-Tibetan Plateau,Haibei,35.78,94.33,1,2006,7,30,2006,7,30,0.53,0.2,2.5,,,,,,,,0.03,,6,6,-1.7,,25.1,561,,,In situ,Yes,No,Grazing,1,4,0.47,Âµg N2O/m2/h,GC/static,opaque,,60,5,yes,yes,yes,Kato T et al. 2011
Haibei_N2O,CH-Hai-2006-05,22.51,2251,4502,discontinuous,Alpine,Upland,Vegetated,D5 Sandy grassland,China,Qinghai-Tibetan Plateau,Haibei,35.75,94.3,1,2006,7,30,2006,7,30,0.04,0.07,0.4,,,,,,,,0.04,,9,8.6,-1.7,,18.2,561,,,In situ,Yes,No,Grazing,1,4,0.94,Âµg N2O/m2/h,GC/static,opaque,,60,5,yes,yes,yes,Kato T et al. 2011
Haibei_N2O,CH-Hai-2006-06,-10.63,-1063,-2126,discontinuous,Alpine,Upland,Vegetated,D6 Steppe,China,Qinghai-Tibetan Plateau,Haibei,34.1,92.38,1,2006,8,1,2006,8,1,1.79,0.3,5.8,,,,,,,,0.05,,9,8.9,-1.7,,24.4,561,,,In situ,Yes,No,Grazing,1,4,-0.44,Âµg N2O/m2/h,GC/static,opaque,,60,5,yes,yes,yes,Kato T et al. 2011
Haibei_N2O,CH-Hai-2006-07,-46.03,-4603,-9206,discontinuous,Alpine,Upland,Vegetated,D7 Grassland,China,Qinghai-Tibetan Plateau,Haibei,30.53,91.05,1,2006,8,4,2006,8,4,6.68,0.69,9.5,,,,,,,,0.1,,16,16.3,-1.7,,21.7,561,,,In situ,Yes,No,Grazing,1,4,-1.92,Âµg N2O/m2/h,GC/static,opaque,,60,5,yes,yes,yes,Kato T et al. 2011
Haibei_N2O,CH-Hai-2006-08,-48.38,-4838,-9676,discontinuous,Alpine,Upland,Vegetated,D8 Meadow,China,Qinghai-Tibetan Plateau,Haibei,32.83,91.92,1,2006,8,9,2006,8,9,2.63,0.32,8.2,,,,,,,,0.14,,28,28.2,-1.7,,16.2,561,,,In situ,Yes,No,Grazing,1,4,-2.02,Âµg N2O/m2/h,GC/static,opaque,,60,5,yes,yes,yes,Kato T et al. 2011
Haibei_N2O,CH-Hai-2006-09,-34.22,-3422,-6844,discontinuous,Alpine,Upland,Vegetated,D9 Sandy steppe,China,Qinghai-Tibetan Plateau,Haibei,34.33,92.6,1,2006,8,11,2006,8,11,0.18,0.02,23.5,,,,,,,,0.03,,5,5.4,-1.7,,30.9,561,,,In situ,Yes,No,Grazing,1,4,-1.43,Âµg N2O/m2/h,GC/static,opaque,,60,5,yes,yes,yes,Kato T et al. 2011
Haibei_N2O,CH-Hai-2006-10,-14.62,-1462,-2924,discontinuous,Alpine,Wetland,Vegetated,W2 Marsh,China,Qinghai-Tibetan Plateau,Haibei,36.75,99.6,1,2006,7,24,2006,7,24,11.11,1.31,8.4,,,8.1,,,,,0.85,,96,95.7,-1.7,,10.7,561,,,In situ,Yes,No,Grazing,1,4,-0.61,Âµg N2O/m2/h,GC/static,opaque,,60,5,yes,yes,yes,Kato T et al. 2011
Haibei_N2O,CH-Hai-2006-11,-4.49,-449,-898,discontinuous,Alpine,Wetland,Vegetated,W3 Patchy marsh,China,Qinghai-Tibetan Plateau,Haibei,36.47,98.27,1,2006,7,26,2006,7,26,1.76,0.2,11.6,,,7.7,,,,,0.61,,95,95.1,-1.7,,11.4,561,,,In situ,Yes,No,Grazing,1,4,-0.19,Âµg N2O/m2/h,GC/static,opaque,,60,5,yes,yes,yes,Kato T et al. 2011
Haibei_N2O,CH-Hai-2006-12,-56.26,-5626,-11252,discontinuous,Alpine,Wetland,Vegetated,W4 Salt marsh,China,Qinghai-Tibetan Plateau,Haibei,36.6,95,1,2006,7,28,2006,7,28,3.04,0.44,6.9,,,8.3,,,,,0.61,,83,83.2,-1.7,,16.5,561,,,In situ,Yes,No,Grazing,1,4,-2.34,Âµg N2O/m2/h,GC/static,opaque,,60,5,yes,yes,yes,Kato T et al. 2011
Haibei_N2O,CH-Hai-2006-13,-24.74,-2474,-4948,discontinuous,Alpine,Wetland,Vegetated,W5 Patchy marsh,China,Qinghai-Tibetan Plateau,Haibei,34.12,92.37,1,2006,8,1,2006,8,1,4.61,0.57,8.1,,,7.9,,,,,0.7,,96,95.8,-1.7,,7.4,561,,,In situ,Yes,No,Grazing,1,4,-1.03,Âµg N2O/m2/h,GC/static,opaque,,60,5,yes,yes,yes,Kato T et al. 2011
Haibei_N2O,CH-Hai-2006-14,2.26,226,452,discontinuous,Alpine,Peatland,Vegetated,W6 Bog,China,Qinghai-Tibetan Plateau,Haibei,30.47,91.07,1,2006,8,3,2006,8,3,21.45,1.94,11,,,7.5,,,,,0.83,,92,92.5,-1.7,,13.6,561,,,In situ,Yes,No,Grazing,1,10,0.09,Âµg N2O/m2/h,GC/static,opaque,,60,5,yes,yes,yes,Kato T et al. 2011
Haibei_N2O,CH-Hai-2006-15,-23.62,-2362,-4724,discontinuous,Alpine,Wetland,Vegetated,W7 Marsh,China,Qinghai-Tibetan Plateau,Haibei,32.85,91.92,1,2006,8,9,2006,8,9,5.58,0.76,6.9,,,7.6,,,,,0.66,,95,94.7,-1.7,,7.9,561,,,In situ,Yes,No,Grazing,1,10,-0.98,Âµg N2O/m2/h,GC/static,opaque,,60,5,yes,yes,yes,Kato T et al. 2011
Haibei_N2O,CH-Hai-2006-16,6.24,624,1248,sporadic,Alpine,Wetland,Vegetated,Alpine wetland,China,Qinghai-Tibetan Plateau,Haibei,37.48,101.2,1,2006,3,8,2006,3,8,,,,,,,,,,,,,,,-1.7,,-2,561,,,In situ,Yes,No,Grazing,4,2,0.26,Âµg N2O/m2/h,GC/static,opaque,,90,5,yes,no,yes,Kato T et al. 2013
Haibei_N2O,CH-Hai-2006-17,31.2,3120,6240,sporadic,Alpine,Upland,Vegetated,Alpine meadow,China,Qinghai-Tibetan Plateau,Haibei,37.48,101.2,1,2006,3,4,2006,3,4,,,,,,,,,,,,,,,-1.7,,-2,561,,,In situ,Yes,No,Grazing,4,2,1.3,Âµg N2O/m2/h,GC/static,opaque,,90,5,yes,no,yes,Kato T et al. 2013
Haibei_N2O,CH-Hai-2006-18,198.96,19896,39792,sporadic,Alpine,Upland,Vegetated,Alpine shrubland,China,Qinghai-Tibetan Plateau,Haibei,37.48,101.2,1,2006,3,6,2006,3,6,,,,,,,,,,,,,,,-1.7,,-2,561,,,In situ,Yes,No,Grazing,4,2,8.29,Âµg N2O/m2/h,GC/static,opaque,,90,5,yes,no,yes,Kato T et al. 2013
Haibei_N2O,CH-Hai-2006-19,1296,129600,259200,sporadic,Alpine,Upland,Vegetated,"Alpine meadow; Kobresia humilis, Festuca ovina, Elymus nutans, Poa spp., Carex spp., Scripus distigmaticus, Gentiana straminea, Gentiana farreri, Leontop odiumnanum, and Potentilla nivea",China,Qinghai-Tibetan Plateau,Haibei,37.62,101.2,1,2006,8,2,2006,8,18,7.3,,,1.7,15.7,6.9,,0.88,,,,,52,52,-1.7,8.2,12.8,580,,,In situ,Yes,No,Grazing,21,4,54,Âµg N2O/m2/h,GC/static,opaque,,30,4,yes,yes,yes,Lin X et al. 2009
Haibei_N2O,CH-Hai-2008-01,45.8,4580,9160,sporadic,Alpine,Upland,Vegetated,Alpine meadow,China,Qinghai-Tibetan Plateau,Haibei,37.62,101.2,1,2008,5,,2008,9,,4.28,0.42,10.2,,,,12.07,,,,,,56,56,-1.7,10.3,9.7,580,,,In situ,No,No,none,20,3,12.2,kg CO2-eq/ha,GC/static,opaque,,30,4,yes,yes,yes,Jiang C et al. 2010
Haibei_N2O,CH-Hai-2008-02,52.93,5293,10586,sporadic,Alpine,Upland,Vegetated,Alpine meadow,China,Qinghai-Tibetan Plateau,Haibei,37.62,101.2,1,2008,5,,2008,9,,,,,,,,12.07,,,,,,,,-1.7,10.3,9.7,580,,,in situ,Yes,Yes,N-addition,20,3,14.1,kg CO2-eq/ha,GC/static,opaque,,30,4,yes,yes,yes,Jiang C et al. 2010
Haibei_N2O,CH-Hai-2012-01,1064.16,106416,212832,sporadic,Alpine,Upland,Vegetated,Alpine Kobresia humilis meadow,China,Qinghai-Tibetan Plateau,Haibei,37.53,101.25,1,2012,6,,2012,9,,5.5,,,,,7.3,,0.75,,,,53.6,,,-1.7,,,560,,,In situ,Yes,No,Grazing,14,3,44.34,Âµg N2O/m2/h,GC/static,,,30,4,no,no,yes,Du Y et al. 2016a
Haibei_N2O,CH-Hai-2012-02,1795.92,179592,359184,sporadic,Alpine,Upland,Vegetated,Alpine Kobresia humilis meadow,China,Qinghai-Tibetan Plateau,Haibei,37.53,101.25,1,2012,6,,2012,9,,,,,,,,,0.75,,,,,,,-1.7,,,560,,,In situ,Yes,Yes,N-addition,14,3,74.83,Âµg N2O/m2/h,GC/static,,,30,4,no,no,yes,Du Y et al. 2016a
Haibei_N2O,CH-Hai-2012-03,1637.76,163776,327552,sporadic,Alpine,Upland,Vegetated,Alpine Kobresia humilis meadow,China,Qinghai-Tibetan Plateau,Haibei,37.53,101.25,1,2012,6,,2012,9,,,,,,,,,0.75,,,,,,,-1.7,,,560,,,In situ,Yes,Yes,Water addition,14,3,68.24,Âµg N2O/m2/h,GC/static,,,30,4,no,no,yes,Du Y et al. 2016a
Haibei_N2O,CH-Hai-2012-04,1537.92,153792,307584,sporadic,Alpine,Upland,Vegetated,Alpine Kobresia humilis meadow,China,Qinghai-Tibetan Plateau,Haibei,37.53,101.25,1,2012,6,,2012,9,,,,,,,,,0.75,,,,,,,-1.7,,,560,,,In situ,Yes,Yes,"N-addition, Water addition",14,3,64.08,Âµg N2O/m2/h,GC/static,,,30,4,no,no,yes,Du Y et al. 2016a
Haibei_N2O,CH-Hai-2013-01,688.66,68866,137732,sporadic,Alpine,Upland,Vegetated,Alpine Kobresia humilis meadow,China,Qinghai-Tibetan Plateau,Haibei,37.53,101.25,1,2013,1,,2013,12,,3.12,0.93,3.4,3.8,2.3,8.4,5.36,0.75,,,,,,,-1.7,,,560,,,In situ,Yes,No,Grazing,30,3,1.6,kg N/ha,GC/static,opaque,,30,4,no,no,yes,Du Y et al. 2016b
Haibei_N2O,CH-Hai-2013-02,736,73600,147200,sporadic,Alpine,Upland,Vegetated,Alpine Kobresia humilis meadow,China,Qinghai-Tibetan Plateau,Haibei,37.53,101.25,1,2014,1,,2014,12,,3.12,0.93,3.4,3.8,2.3,8.4,5.36,0.75,,,,,,,-1.7,,,560,,,In situ,Yes,No,Grazing,31,3,1.71,kg N/ha,GC/static,opaque,,30,4,no,no,yes,Du Y et al. 2016b
Haibei_N2O,CH-Hai-2013-03,25.85,2585,5170,sporadic,Alpine,Upland,Vegetated,Alpine desert-steppe,China,Qinghai-Tibetan Plateau,Haibei,35.88,94.55,1,2013,5,,2013,10,,0.4,0.04,9.9,3.08,1.66,8.8,,1.29,4.05,,,,,11.054,-4.2,,,42,,,In situ,No,No,none,,3,25.85,Âµg N2O/m2/d,GC/static,opaque,,25,6,yes,yes,yes,Li Y et al. 2015
Haibei_N2O,CH-Hai-2013-04,154.11,15411,30822,sporadic,Alpine,Upland,Vegetated,Alpine meadow,China,Qinghai-Tibetan Plateau,Haibei,37.6,101.2,1,2013,5,,2013,10,,4.69,0.72,6.5,8.16,5.89,7.7,,0.77,19.95,,,,,27.997,-1.7,,,580,,,In situ,No,No,none,,3,154.11,Âµg N2O/m2/d,GC/static,opaque,,25,6,yes,yes,yes,Li Y et al. 2015
Haibei_N2O,CH-Hai-2013-05,195.84,19584,39168,discontinuous,Alpine,Upland,Vegetated,Alpine steppe,China,Qinghai-Tibetan Plateau,Haibei,37.53,100.22,1,2013,5,,2013,10,,3.05,0.6,5.1,6.64,5.2,8.1,,0.98,13.05,,,,,24.293,-2.7,,,275,,,In situ,No,No,none,,3,195.84,Âµg N2O/m2/d,GC/static,opaque,,25,6,yes,yes,yes,Li Y et al. 2015
Fenghuo_Mountains_N2O,CH-Hai-2014-01,37,3700,7400,sporadic,Alpine,Upland,Vegetated,Alpine Kobresia humilis meadow,China,Qinghai-Tibetan Plateau,Fenghuo Mountains,34.73,92.9,2,2014,5,15,2015,8,15,3.07,0.26,11.8,9.49,18.13,9.1,5.5,,32.4,,,,,76.946,-5.3,5.4,6.4,270,,115,In situ,No,No,none,61,4,37,Âµg N2O/m2/d,GC/static,opaque,,30,4,no,no,yes,Chang R et al. 2017
Fenghuo_Mountains_N2O,CH-Hai-2014-02,203,20300,40600,sporadic,Alpine,Upland,Vegetated,Alpine Kobresia humilis meadow,China,Qinghai-Tibetan Plateau,Fenghuo Mountains,34.73,92.9,2,2014,5,15,2015,8,15,2.23,0.24,9.3,4.43,6.05,8.6,5.5,,26.3,,,,,66.774,-5.3,9.9,11.9,270,,115,In situ,Yes,Yes,Warming,61,4,203,Âµg N2O/m2/d,GC/static,opaque,,30,4,no,no,yes,Chang R et al. 2017
Luanhaizi_N2O,CH-Lua-2012-01,-34.44,-3444,-6888,sporadic,Alpine,Wetland,Vegetated,"North-East part of the Plateau, experiencing natural high N deposition",China,Qinghai-Tibetan Plateau,Luanhaizi,37.58,101.33,,2012,6,,2012,9,,16.2,1.1,14.7,,,7.7,,,,,,,,,-1.1,,12,480,,,Mesocosm,Yes,Yes,naturally high N-deposition,15,5,-3.1,mg N2O/m2,GC/static,opaque,,30,4,yes,yes,yes,Wang H et al. 2017
Luanhaizi_N2O,CH-Lua-2013-01,-86.67,-8667,-17334,sporadic,Alpine,Wetland,Vegetated,"North-East part of the Plateau, experiencing natural high N deposition",China,Qinghai-Tibetan Plateau,Luanhaizi,37.58,101.33,,2013,6,,2013,9,,16.2,1.1,14.7,,,7.7,,,,,,,,,-1.1,,12,480,,,Mesocosm,Yes,Yes,naturally high N-deposition,9,5,-7.8,mg N2O/m2,GC/static,opaque,,30,4,yes,yes,yes,Wang H et al. 2017
Inner_Mongolia_N2O,CH-Mon-2008-01,136.32,13632,27264,isolated,Alpine,Upland,Vegetated,"Meadow Steppe; S. baicalensis, Leymus chinensis, Carex pediformis, Artemisia tanacetifolia, Melissitus ruthenica, Bupleurum scorzonerifolium, and Vicia amoena",China,Central Asia,Inner Mongolia,49.33,119.94,2,2008,5,,2009,9,,5.1,0.2,25.5,13.4,4.6,5.9,,1.22,,,,,40,40,-3,,,375,,,In situ,No,No,none,30,3,5.68,Âµg N2O/m2/h,GC/static,opaque,,30,4,no,yes,yes,Liu X et al. 2017
Nagqu_N2O,CH-Nag-2015-01,129.6,12960,25920,sporadic,Alpine,Upland,Vegetated,"Dry Alpine meadow; sedges Kobresia pygmaea and the grass stipa purpurea are the main graminoids, and Potentilla acaulis and Oxytropis ochrocephala are the main forbs",China,Qinghai-Tibetan Plateau,Nagqu,31.44,92.02,1,2015,5,,2015,9,,22.98,1.83,12.6,25.2,16.85,7.4,,1.01,,,0.19,,30,30,-1.2,8.3,10.9,432,,,In situ,No,No,none,21,4,5.4,Âµg N2O/m2/h,GC/static,opaque,,30,4,no,no,yes,Yan Y et al. 2018
Nagqu_N2O,CH-Nag-2016-01,108,10800,21600,sporadic,Alpine,Upland,Vegetated,"Dry Alpine meadow; sedges Kobresia pygmaea and the grass stipa purpurea are the main graminoids, and Potentilla acaulis and Oxytropis ochrocephala are the main forbs",China,Qinghai-Tibetan Plateau,Nagqu,31.44,92.02,1,2016,5,,2016,9,,22.98,1.83,12.6,44.18,16.61,7.4,,1.01,,,0.2,,33,33,-1.2,8.1,11.5,432,,,In situ,No,No,none,21,4,4.5,Âµg N2O/m2/h,GC/static,opaque,,30,4,no,no,yes,Yan Y et al. 2018
Wudaoliang_N2O,CH-Wud-2000-01,19.01,1901,3802,discontinuous,Alpine,Upland,Vegetated,Alpine grassland; Stipa lawn community dominated by Stipa purpurea,China,Qinghai-Tibetan Plateau,Wudaoliang,35.22,93.08,1,2000,7,,2001,7,,0.15,0.04,3.8,,,9,,,3.61,,,,,10.802,-5.6,,,300,,,In situ,No,No,none,12,3,0,Âµmol N2O/m2/s1,GC/static,opaque,,40,4,no,no,yes,Pei Z et al. 2004
Zackenberg_N2O,DK-Zac-2008-01,400,40000,80000,continuous,Arctic,Wetland,Vegetated,Wetland tundra,Denmark,Greenland,Zackenberg,74.5,-20.5,,2008,,,2008,,,2.3,0.15,15.3,,,6,,,,,,,100,100,-9.5,7,,250,,60,Mesocosm,Yes,No,mesocosm,3,1,0.4,mg N2O/m2/d,GC/static,,,1440,,no,no,yes,Elberling B et al. 2010
Zackenberg_N2O,DK-Zac-2008-02,3800,380000,760000,continuous,Arctic,Wetland,Vegetated,Wetland tundra,Denmark,Greenland,Zackenberg,74.5,-20.5,,2008,,,2008,,,2.3,0.15,15.3,,,6,,,,,,,100,100,-9.5,7,,250,,60,Mesocosm,Yes,Yes,Permafrost thaw,3,1,3.8,mg N2O/m2/d,GC/static,,,1440,,no,no,yes,Elberling B et al. 2010
Zackenberg_N2O,DK-Zac-2008-03,34000,3400000,6800000,continuous,Arctic,Wetland,Vegetated,Wetland tundra,Denmark,Greenland,Zackenberg,74.5,-20.5,,2008,,,2008,,,2.3,0.15,15.3,,,6,,,,,,,100,100,-9.5,7,,250,,60,Mesocosm,Yes,Yes,"Permafrost thaw, N-addition, Water addition",3,1,34,mg N2O/m2/d,GC/static,,,1440,,no,no,yes,Elberling B et al. 2010
Kilpisjaervi_N2O,FI-Kil-2012-01,560,56000,112000,discontinuous,Subarctic,Peatland,Bare,"Palsa, bare, dry",Finland,Northern Scandinavia,KilpisjÃ¤rvi,68.89,21.05,,2012,,,2012,,,48.47,1.67,30.3,66,5.4,3.5,92,0.18,70.3,,,,55,55,-1.9,10,,487,,65,Mesocosm,Yes,No,mesocosm,26,4,0.56,mg N2O/m2/d,GC/static,transparent,,30,4,yes,yes,yes,"Voigt C et al. 2017a, Voigt et al. 2019"
Kilpisjaervi_N2O,FI-Kil-2012-02,140,14000,28000,discontinuous,Subarctic,Peatland,Vegetated,"Palsa, vegetated, dry",Finland,Northern Scandinavia,KilpisjÃ¤rvi,68.89,21.05,,2012,,,2012,,,47.64,1.74,27.7,58,4.8,3.8,92,0.18,75.77,,,,57,56.9,-1.9,10,,487,,65,Mesocosm,Yes,No,mesocosm,32,4,0.14,mg N2O/m2/d,GC/static,transparent,,30,4,yes,yes,yes,"Voigt C et al. 2017a, Voigt et al. 2019"
Kilpisjaervi_N2O,FI-Kil-2012-03,200,20000,40000,discontinuous,Subarctic,Peatland,Bare,"Palsa, bare, wet",Finland,Northern Scandinavia,KilpisjÃ¤rvi,68.89,21.05,,2012,,,2012,,,48.24,1.82,30.5,58,2.1,3.9,,0.17,82.89,,,,92,91.9,-1.9,10,,487,,65,Mesocosm,Yes,Yes,Water addition,30,4,0.2,mg N2O/m2/d,GC/static,transparent,,30,4,yes,yes,yes,"Voigt C et al. 2017a, Voigt et al. 2019"
Kilpisjaervi_N2O,FI-Kil-2012-04,80,8000,16000,discontinuous,Subarctic,Peatland,Vegetated,"Palsa, vegetated, wet",Finland,Northern Scandinavia,KilpisjÃ¤rvi,68.89,21.05,,2012,,,2012,,,47.25,1.98,24.4,61,2,3.7,,0.17,83.4,,,,86,86,-1.9,10,,487,,65,Mesocosm,Yes,Yes,Water addition,30,4,0.08,mg N2O/m2/d,GC/static,transparent,,30,4,yes,yes,yes,"Voigt C et al. 2017a, Voigt et al. 2019"
Sodankylae_N2O,FI-Sod-2012-01,61.46,6146,12292,none,Subarctic,Peatland,Vegetated,Fen,Finland,Northern Scandinavia,SodankylÃ¤,67.37,26.65,1,2012,7,12,2012,8,2,,,,,,,,,,,,,,,-0.4,,,527,,,In situ,No,No,none,10,39,1.63,Âµg N/m2/h,GC/static,opaque,,45,4,no,yes,yes,Dinsmore KJ et al. 2017
Sodankylae_N2O,FI-Sod-2012-02,28.28,2828,5656,none,Subarctic,Upland,Vegetated,Scots pine forest,Finland,Northern Scandinavia,SodankylÃ¤,67.37,26.63,1,2012,7,12,2012,8,2,,,,,,,,,,,,,,,-0.4,,,527,,,In situ,No,No,none,10,21,0.75,Âµg N/m2/h,GC/static,opaque,,45,4,no,yes,yes,Dinsmore KJ et al. 2017
Utsjoki_N2O,FI-Uts-2009-01,2600,260000,520000,discontinuous,Subarctic,Peatland,Bare,"Palsa, bare",Finland,Northern Scandinavia,Utsjoki,69.58,26.18,1,2009,8,,2009,8,,53,2,25,65,51,3.5,94,0.2,70.4,,,,33,33,-1.7,,19.1,414,,45,In situ,No,No,none,1,21,2.6,mg N2O/m2/d,GC/static,opaque,,30,5,no,no,yes,Maruschchak ME et al. 2011
Utsjoki_N2O,FI-Uts-2009-02,0.01,1,2,discontinuous,Subarctic,Upland,Bare,"Mineral soil, frost boil",Finland,Northern Scandinavia,Utsjoki,69.58,26.18,1,2009,8,,2009,8,,0.7,0.04,15,1.2,0,6.1,4.3,1.54,19.8,,,,,98.776,-1.7,,18.4,414,,60,In situ,No,No,none,1,3,0,mg N2O/m2/d,GC/static,opaque,,30,5,no,no,yes,Maruschchak ME et al. 2011
Utsjoki_N2O,FI-Uts-2009-03,200,20000,40000,discontinuous,Subarctic,Peatland,Vegetated,"Palsa, vegetated",Finland,Northern Scandinavia,Utsjoki,69.58,26.18,1,2009,8,,2009,8,,53,2.1,26,7.8,3.7,3.5,96,0.21,59.2,,,,17,17,-1.7,,18.1,414,,53,In situ,No,No,none,1,6,0.2,mg N2O/m2/d,GC/static,opaque,,30,5,no,no,yes,Maruschchak ME et al. 2011
Ny-Alesund_N2O,NO-Nya-2008-01,573.6,57360,114720,continuous,Arctic,Upland,Vegetated,"Seabird sanctuary tundra (SBT-H1), high seabird- activity; 2% barren surface; vegetation includes mosses, lichens and sedges",Norway,Svalbard,Ny-Alesund,79.92,11.93,1,2008,7,26,2008,8,10,22.6,0.85,26.6,47.58,14.74,7.5,,,68.7,,,,,38.445,-5.8,2.1,,400,,200,In situ,Yes,No,Birds,8,3,23.9,Âµg N2O/m2/h,GC/static,transparent,,45,3,no,yes,yes,Zhu R et al. 2012
Ny-Alesund_N2O,NO-Nya-2008-02,110.4,11040,22080,continuous,Arctic,Upland,Vegetated,"Seabird sanctuary tundra (SBT-L1), low seabird activity. 2% barren surface; vegetation includes mosses, lichens and sedges",Norway,Svalbard,Ny-Alesund,79.92,11.93,1,2008,7,26,2008,8,10,4.99,0.2,24.5,27.15,3.45,6.8,,,20.4,,,,,29.925,-5.8,2.1,,400,,200,In situ,Yes,No,Birds,8,3,4.6,Âµg N2O/m2/h,GC/static,transparent,,45,3,no,yes,yes,Zhu R et al. 2012
Ny-Alesund_N2O,NO-Nya-2008-03,172.8,17280,34560,continuous,Arctic,Upland,Vegetated,"Seabird sanctuary tundra (SBT-M1), medium seabird-activity; 2% barren surface; vegetation includes mosses, lichens and sedges",Norway,Svalbard,Ny-Alesund,79.92,11.93,1,2008,7,26,2008,8,10,4.5,0.21,21,5.36,3.88,7.7,,,33.2,,,,,62.72,-5.8,2.1,,400,,200,In situ,Yes,No,Birds,8,3,7.2,Âµg N2O/m2/h,GC/static,transparent,,45,3,no,yes,yes,Zhu R et al. 2012
Ny-Alesund_N2O,NO-Nya-2009-01,8.81,881,1762,continuous,Arctic,Wetland,Vegetated,LT Lowland tundra,Norway,Svalbard,Ny-Alesund,79.92,11.93,1,2009,7,13,2009,7,23,12.05,0.47,31.4,142.24,11.57,6.7,,,,0.4,,,,18.311,-5.8,,,400,,,In situ,No,No,none,62,13,0.37,Âµg N2O/m2/h,GC/static,,,45,4,no,yes,yes,Chen Q et al. 2014
Ny-Alesund_N2O,NO-Nya-2009-02,189.6,18960,37920,continuous,Arctic,Upland,Vegetated,"BT Tundra, high seabird-activity",Norway,Svalbard,Ny-Alesund,79.92,11.93,1,2009,7,21,2009,7,26,22.44,0.64,61.7,151.99,12.52,7.1,,,,0.62,,,,10.98,-5.8,,,400,,,In situ,Yes,No,Birds,44,7,7.9,Âµg N2O/m2/h,GC/static,,,45,4,no,yes,yes,Chen Q et al. 2014
Ny-Alesund_N2O,NO-Nya-2009-03,1891.2,189120,378240,continuous,Arctic,Upland,Vegetated,"ST Tundra, anthropogenic activities (research stations)",Norway,Svalbard,Ny-Alesund,79.92,11.93,2,2008,7,25,2009,7,24,32.44,0.93,34.8,427.95,13.88,7.2,,,,0.4,,,,9.067,-5.8,,,400,,,In situ,Yes,No,Anthropogenic,20,7,78.8,Âµg N2O/m2/h,GC/static,,,45,4,no,yes,yes,Chen Q et al. 2014
Ny-Alesund_N2O,NO-Nya-2009-04,825.6,82560,165120,continuous,Arctic,Upland,Vegetated,"CT Tundra, abandoned coal mine",Norway,Svalbard,Ny-Alesund,79.92,11.93,2,2008,7,31,2009,7,13,33.1,0.5,65.8,298.32,1.79,7.1,,,,0.36,,,,7.62,-5.8,,,400,,,In situ,Yes,No,Anthropogenic,24,3,34.4,Âµg N2O/m2/h,GC/static,,,45,4,no,yes,yes,Chen Q et al. 2014
Ny-Alesund_N2O,NO-Nya-2009-05,76.8,7680,15360,continuous,Arctic,Upland,Vegetated,"Lowland tundra (L2); mosses (Salix polaris, Cerastium arcticum and Drepanocladus spp), lichens (Luzula confuse) and sedges (L. arctica and Saxifraga oppositifolia)",Norway,Svalbard,Ny-Alesund,79.92,11.93,1,2009,7,18,2009,7,23,8.5,0.32,26.4,14.83,0.55,7.3,,,27.9,,,,,27.352,-5.8,5.2,,400,,200,In situ,No,No,none,6,3,3.2,Âµg N2O/m2/h,GC/static,transparent,,45,3,no,yes,yes,Zhu R et al. 2012
Ny-Alesund_N2O,NO-Nya-2009-06,667.2,66720,133440,continuous,Arctic,Upland,Vegetated,"Seabird sanctuary tundra (SBT-H2), high seabird- activity; 2% barren surface; vegetation includes mosses, lichens and sedges",Norway,Svalbard,Ny-Alesund,79.92,11.93,1,2009,7,21,2009,7,26,17.89,0.64,28.2,113.87,16.64,7.2,,,78.6,,,,,93.193,-5.8,5.2,,400,,200,In situ,Yes,No,Birds,6,3,27.8,Âµg N2O/m2/h,GC/static,transparent,,45,3,no,yes,yes,Zhu R et al. 2012
Ny-Alesund_N2O,NO-Nya-2009-07,76.8,7680,15360,continuous,Arctic,Upland,Vegetated,"Seabird sanctuary tundra (SBT-L2), low seabird activity. 2% barren surface; vegetation includes mosses, lichens and sedges",Norway,Svalbard,Ny-Alesund,79.92,11.93,1,2009,7,21,2009,7,26,5.46,0.97,26.2,14.19,3.29,6.9,,,73.4,,,,,100,-5.8,5.2,,400,,200,In situ,Yes,No,Birds,6,3,3.2,Âµg N2O/m2/h,GC/static,transparent,,45,3,no,yes,yes,Zhu R et al. 2012
Ny-Alesund_N2O,NO-Nya-2009-08,103.2,10320,20640,continuous,Arctic,Upland,Vegetated,"Seabird sanctuary tundra (SBT-M2), medium seabird-activity; 2% barren surface; vegetation includes mosses, lichens and sedges",Norway,Svalbard,Ny-Alesund,79.92,11.93,1,2009,7,21,2009,7,26,21.95,1.02,21.6,16.9,3.16,7,,,73.4,,,,,50.587,-5.8,5.2,,400,,200,In situ,Yes,No,Birds,6,3,4.3,Âµg N2O/m2/h,GC/static,transparent,,45,3,no,yes,yes,Zhu R et al. 2012
Ny-Alesund_N2O,NO-Nya-2009-09,52.8,5280,10560,continuous,Arctic,Upland,Vegetated,"Slope tundra (SL); mosses (Salix polaris, Cerastium arcticum and Drepanocladus spp), lichens (Luzula confuse) and sedges (L. arctica and Saxifraga oppositifolia)",Norway,Svalbard,Ny-Alesund,79.92,11.93,1,2009,7,18,2009,7,23,3.37,0.67,49.8,8.33,0.57,7.3,,,28.6,,,,,61.022,-5.8,5.2,,400,,200,In situ,No,No,none,6,3,2.2,Âµg N2O/m2/h,GC/static,transparent,,45,3,no,yes,yes,Zhu R et al. 2012
Ny-Alesund_N2O,NO-Nya-2009-10,57.6,5760,11520,continuous,Arctic,Upland,Vegetated,"Upland tundra (UL); mosses (Salix polaris, Cerastium arcticum and Drepanocladus spp), lichens (Luzula confuse) and sedges (L. arctica and Saxifraga oppositifolia)",Norway,Svalbard,Ny-Alesund,79.92,11.93,1,2009,7,18,2009,7,23,3.07,0.5,61.3,15.22,3.82,6.8,,,50,,,,,100,-5.8,5.2,,400,,200,In situ,No,No,none,6,3,2.4,Âµg N2O/m2/h,GC/static,transparent,,45,3,no,yes,yes,Zhu R et al. 2012
Ny-Alesund_N2O,NO-Nya-2014-01,182.4,18240,36480,continuous,Arctic,Wetland,Vegetated,"Tundra, silty clay with thin organic layer, transect from waterlogged tundra marsh to upland",Norway,Svalbard,Ny-Alesund,78.91,11.93,1,2014,7,3,2014,7,12,21.03,1.54,13.7,0.28,0.11,,,,88.9,,,,100,100,-5.8,6,7,400,,200,In situ,No,No,none,6,2,7.6,ug N2O/m2/h,GC/static,transparent,,30,3,no,yes,yes,Li F et al. 2016
Ny-Alesund_N2O,NO-Nya-2014-02,350.4,35040,70080,continuous,Arctic,Wetland,Vegetated,"Tundra, silty clay with thin organic layer, transect from waterlogged tundra marsh to upland",Norway,Svalbard,Ny-Alesund,78.91,11.93,1,2014,7,3,2014,7,12,5.26,0.39,13.5,1,0.27,,,,99.5,,,,100,100,-5.8,6,7,400,,200,In situ,No,No,none,6,2,14.6,ug N2O/m2/h,GC/static,transparent,,30,3,no,yes,yes,Li F et al. 2016
Ny-Alesund_N2O,NO-Nya-2014-03,316.8,31680,63360,continuous,Arctic,Wetland,Vegetated,"Tundra, silty clay with thin organic layer, transect from waterlogged tundra marsh to upland",Norway,Svalbard,Ny-Alesund,78.91,11.93,1,2014,7,3,2014,7,12,7.55,0.34,22.2,18.74,0.81,,,,89.8,,,,100,100,-5.8,6,7,400,,200,In situ,No,No,none,6,2,13.2,ug N2O/m2/h,GC/static,transparent,,30,3,no,yes,yes,Li F et al. 2016
Ny-Alesund_N2O,NO-Nya-2014-04,177.6,17760,35520,continuous,Arctic,Upland,Vegetated,"Tundra, silty clay with thin organic layer, transect from waterlogged tundra marsh to upland",Norway,Svalbard,Ny-Alesund,78.91,11.93,1,2014,7,3,2014,7,12,24.15,1.49,16.2,10.23,0.7,,,,59.3,,,,,23.053,-5.8,6,7,400,,200,In situ,No,No,none,6,2,7.4,ug N2O/m2/h,GC/static,transparent,,30,3,no,yes,yes,Li F et al. 2016
Ny-Alesund_N2O,NO-Nya-2014-05,228,22800,45600,continuous,Arctic,Upland,Vegetated,"Tundra, silty clay with thin organic layer, transect from waterlogged tundra marsh to upland",Norway,Svalbard,Ny-Alesund,78.91,11.93,1,2014,7,3,2014,7,12,19.29,1.55,12.5,19.16,1.16,,,,51.9,,,,,24.284,-5.8,6,7,400,,200,In situ,No,No,none,6,2,9.5,ug N2O/m2/h,GC/static,transparent,,30,3,no,yes,yes,Li F et al. 2016
Ny-Alesund_N2O,NO-Nya-2014-06,19.2,1920,3840,continuous,Arctic,Wetland,Vegetated,"Tundra, silty clay with thin organic layer, transect from waterlogged tundra marsh to upland",Norway,Svalbard,Ny-Alesund,78.91,11.93,1,2014,7,3,2014,7,12,21.03,1.54,13.7,0.28,0.11,,,,88.9,,,,100,100,-5.8,6,7,400,,200,In situ,No,Yes,Shading,6,2,0.8,ug N2O/m2/h,GC/static,opaque,,30,3,no,yes,yes,Li F et al. 2016
Ny-Alesund_N2O,NO-Nya-2014-07,-21.6,-2160,-4320,continuous,Arctic,Wetland,Vegetated,"Tundra, silty clay with thin organic layer, transect from waterlogged tundra marsh to upland",Norway,Svalbard,Ny-Alesund,78.91,11.93,1,2014,7,3,2014,7,12,5.26,0.39,13.5,1,0.27,,,,99.5,,,,100,100,-5.8,6,7,400,,200,In situ,No,Yes,Shading,6,2,-0.9,ug N2O/m2/h,GC/static,opaque,,30,3,no,yes,yes,Li F et al. 2016
Ny-Alesund_N2O,NO-Nya-2014-08,16.8,1680,3360,continuous,Arctic,Wetland,Vegetated,"Tundra, silty clay with thin organic layer, transect from waterlogged tundra marsh to upland",Norway,Svalbard,Ny-Alesund,78.91,11.93,1,2014,7,3,2014,7,12,7.55,0.34,22.2,18.74,0.81,,,,89.8,,,,100,100,-5.8,6,7,400,,200,In situ,No,Yes,Shading,6,2,0.7,ug N2O/m2/h,GC/static,opaque,,30,3,no,yes,yes,Li F et al. 2016
Ny-Alesund_N2O,NO-Nya-2014-09,24,2400,4800,continuous,Arctic,Upland,Vegetated,"Tundra, silty clay with thin organic layer, transect from waterlogged tundra marsh to upland",Norway,Svalbard,Ny-Alesund,78.91,11.93,1,2014,7,3,2014,7,12,24.15,1.49,16.2,10.23,0.7,,,,59.3,,,,,23.053,-5.8,6,7,400,,200,In situ,No,Yes,Shading,6,2,1,ug N2O/m2/h,GC/static,opaque,,30,3,no,yes,yes,Li F et al. 2016
Ny-Alesund_N2O,NO-Nya-2014-10,-91.2,-9120,-18240,continuous,Arctic,Upland,Vegetated,"Tundra, silty clay with thin organic layer, transect from waterlogged tundra marsh to upland",Norway,Svalbard,Ny-Alesund,78.91,11.93,1,2014,7,3,2014,7,12,19.29,1.55,12.5,19.16,1.16,,,,51.9,,,,,24.284,-5.8,6,7,400,,200,In situ,No,Yes,Shading,6,2,-3.8,ug N2O/m2/h,GC/static,opaque,,30,3,no,yes,yes,Li F et al. 2016
Seida_I_N2O,RU-Sei-2007-01,10300,1030000,2060000,discontinuous,Subarctic,Peatland,Bare,"Peat plateau, bare surfaces",Russia,Western Russia,Seida I,67.05,62.95,1,2007,7,3,2007,10,17,53.6,2.3,23,,55,3.1,95,0.25,69.3,,0.64,,76,76,-5.8,13.6,12,505,,70,In situ,No,No,none,13,3,10.3,mg N2O/m2/d,GC/static,opaque,28,40,4,no,no,yes,Maruschchak ME et al. 2011
Seida_I_N2O,RU-Sei-2007-02,-0.01,-1,-2,discontinuous,Subarctic,Peatland,Vegetated,"Floating fen, water saturated",Russia,Western Russia,Seida I,67.05,62.95,1,2007,7,3,2007,10,17,45.1,1.6,43,,,4.9,,,90,,1,,100,100,-5.8,13.6,14.1,505,,120,In situ,No,No,none,9,9,0,mg N2O/m2/d,GC/static,opaque,28,40,4,no,no,yes,Maruschchak ME et al. 2011
Seida_I_N2O,RU-Sei-2007-03,40,4000,8000,discontinuous,Subarctic,Peatland,Vegetated,"Peat plateau, vegetated",Russia,Western Russia,Seida I,67.05,62.95,1,2007,7,3,2007,10,17,46.65,0.75,63.5,,3.2,3.2,98,0.05,85.6,,0.3,,30,30,-5.8,13.6,13.8,505,,62,In situ,No,No,none,10,6,0.04,mg N2O/m2/d,GC/static,opaque,28,40,4,no,no,yes,Maruschchak ME et al. 2011
Seida_I_N2O,RU-Sei-2007-04,10,1000,2000,discontinuous,Subarctic,Upland,Vegetated,Tundra heath,Russia,Western Russia,Seida I,67.05,62.95,1,2007,7,3,2007,10,17,48,1.2,48,,0.1,3.3,93,0.06,79.6,,0.19,,18,18,-5.8,13.6,13.3,505,,100,In situ,No,No,none,10,12,0.01,mg N2O/m2/d,GC/static,opaque,28,40,4,no,no,yes,Maruschchak ME et al. 2011
Seida_I_N2O,RU-Sei-2007-05,2190.83,219083,438166,discontinuous,Subarctic,Peatland,Bare,"Peat plateau, bare surfaces",Russia,Western Russia,Seida I,67.05,62.95,1,2008,1,28,2008,6,9,53.6,2.3,23,,,3.1,95,0.25,,,,,,,-5.8,,,505,,,In situ,No,No,none,12,3,2.19,mg N2O/m2/d,snow gradient,,,,,no,no,yes,Maruschchak ME et al. 2011
Seida_I_N2O,RU-Sei-2008-01,8110,811000,1622000,discontinuous,Subarctic,Peatland,Bare,"Peat plateau, bare surfaces",Russia,Western Russia,Seida I,67.05,62.95,1,2008,5,22,2008,10,2,54,2.2,24,25.4,13.04,3.3,95,0.25,69.3,,0.59,,70,70,-5.8,12.7,13,505,,62,In situ,No,No,none,11,3,8.11,mg N2O/m2/d,GC/static,opaque,28,40,4,no,no,yes,Maruschchak ME et al. 2011
Seida_I_N2O,RU-Sei-2008-02,-60,-6000,-12000,discontinuous,Subarctic,Peatland,Vegetated,"Floating fen, water saturated",Russia,Western Russia,Seida I,67.05,62.95,1,2008,5,22,2008,10,2,45,1.6,43,,,4.8,,,90,,1,,100,100,-5.8,12.7,13.5,505,,120,In situ,No,No,none,12,9,-0.06,mg N2O/m2/d,GC/static,opaque,28,40,4,no,no,yes,Maruschchak ME et al. 2011
Seida_I_N2O,RU-Sei-2008-03,1080,108000,216000,discontinuous,Subarctic,Peatland,Bare,"Peat plateau, peat mounds",Russia,Western Russia,Seida I,67.05,62.95,1,2008,5,22,2008,10,2,56,2.1,26,10.28,11.24,3.3,,0.22,68.1,,0.16,,19,19,-5.8,12.7,12.4,505,,55,In situ,No,No,none,10,3,1.08,mg N2O/m2/d,GC/static,opaque,28,40,4,no,no,yes,Maruschchak ME et al. 2011
Seida_I_N2O,RU-Sei-2008-04,60,6000,12000,discontinuous,Subarctic,Peatland,Vegetated,"Peat plateau, vegetated",Russia,Western Russia,Seida I,67.05,62.95,1,2008,5,22,2008,10,2,47,0.8,62,9.79,2.12,3.4,98,0.05,86.4,,0.26,,27,27,-5.8,12.7,12.8,505,,66,In situ,No,No,none,12,6,0.06,mg N2O/m2/d,GC/static,opaque,28,40,4,no,no,yes,Maruschchak ME et al. 2011
Seida_I_N2O,RU-Sei-2008-05,-10,-1000,-2000,discontinuous,Subarctic,Upland,Vegetated,Tundra heath,Russia,Western Russia,Seida I,67.05,62.95,1,2008,5,22,2008,10,2,45,1.2,38,21.67,4.29,3.5,93,0.06,76.5,,0.14,,14,14,-5.8,12.7,11.7,505,,104,In situ,No,No,none,12,12,-0.01,mg N2O/m2/d,GC/static,opaque,28,40,4,no,no,yes,Maruschchak ME et al. 2011
Seida_I_N2O,RU-Sei-2011-01,800,80000,160000,discontinuous,Subarctic,Peatland,Bare,"Peat plateau, bare surfaces",Russia,Western Russia,Seida I,67.05,62.95,1,2011,7,7,2011,8,30,51,2.4,22,4,329,3.2,,0.25,,2.6,,,62,62,-5.8,8.9,7.8,505,46,,in situ,No,No,none,9,3,0.8,mg N2O/m2/d,GC/static,opaque,,40,4,no,no,yes,Gil J et al. 2017
Seida_II_N2O,RU-Sei-2012-01,164,16400,32800,discontinuous,Subarctic,Peatland,Bare,"Peat plateau, bare surfaces",Russia,Western Russia,Seida II,67.05,62.92,1,2012,7,12,2012,8,22,50,2.6,19,49,118,4,94,0.19,,,,,35,35,-5.6,12.9,10.7,510,,46,In situ,No,No,none,7,5,0.16,mg N2O/m2/d,GC/static,opaque,,40,4,yes,yes,yes,Voigt C et al. 2017b
Seida_II_N2O,RU-Sei-2012-02,563,56300,112600,discontinuous,Subarctic,Peatland,Bare,"Peat plateau, bare surfaces",Russia,Western Russia,Seida II,67.05,62.92,1,2012,7,12,2012,8,22,50,2.7,19,42,157,3.7,95,0.19,,,,,30,30,-5.6,13.8,11.2,513,,53,In situ,Yes,Yes,Warming,7,5,0.56,mg N2O/m2/d,GC/static,opaque,,40,4,yes,yes,yes,Voigt C et al. 2017b
Seida_II_N2O,RU-Sei-2012-03,0.11,11,22,discontinuous,Subarctic,Peatland,Vegetated,"Peat plateau, vegetated",Russia,Western Russia,Seida II,67.05,62.92,1,2012,7,12,2012,8,22,48,1.2,40,40,0.8,3.8,98,0.02,,,,,17,17,-5.6,13.1,9.3,511,,42,In situ,No,No,none,7,5,0,mg N2O/m2/d,GC/static,opaque,,40,4,yes,yes,yes,Voigt C et al. 2017b
Seida_II_N2O,RU-Sei-2012-04,1.44,144,288,discontinuous,Subarctic,Peatland,Vegetated,"Peat plateau, vegetated",Russia,Western Russia,Seida II,67.05,62.92,1,2012,7,12,2012,8,22,48,1.2,42,17,1.1,3.9,97,0.02,,,,,16,16,-5.6,13.4,8.6,514,,46,In situ,Yes,Yes,Warming,7,5,0,mg N2O/m2/d,GC/static,opaque,,40,4,yes,yes,yes,Voigt C et al. 2017b
Seida_II_N2O,RU-Sei-2012-05,-23.07,-2307,-4614,discontinuous,Subarctic,Upland,Vegetated,Tundra heath,Russia,Western Russia,Seida II,67.05,62.92,1,2012,7,12,2012,8,22,44,1.5,30,30,0.6,4.3,41,0.06,,,,,17,17,-5.6,12.9,9,512,,114,In situ,No,No,none,7,5,-0.02,mg N2O/m2/d,GC/static,opaque,,40,4,yes,yes,yes,Voigt C et al. 2017b
Seida_II_N2O,RU-Sei-2012-06,7.79,779,1558,discontinuous,Subarctic,Upland,Vegetated,Tundra heath,Russia,Western Russia,Seida II,67.05,62.92,1,2012,7,12,2012,8,22,46,1.2,39,23,0.7,4.2,43,0.06,,,,,16,16,-5.6,13.5,8.5,515,,130,In situ,Yes,Yes,Warming,7,5,0.01,mg N2O/m2/d,GC/static,opaque,,40,4,yes,yes,yes,Voigt C et al. 2017b
Seida_II_N2O,RU-Sei-2013-01,772,77200,154400,discontinuous,Subarctic,Peatland,Bare,"Peat plateau, bare surfaces",Russia,Western Russia,Seida II,67.05,62.92,1,2013,6,1,2013,9,24,50,2.6,19,94,419,4,94,0.19,,,,,26,26,-5.6,16.2,12.2,516,,48,In situ,No,No,none,10,5,0.77,mg N2O/m2/d,GC/static,opaque,,40,4,yes,yes,yes,Voigt C et al. 2017b
Seida_II_N2O,RU-Sei-2013-02,884,88400,176800,discontinuous,Subarctic,Peatland,Bare,"Peat plateau, bare surfaces",Russia,Western Russia,Seida II,67.05,62.92,1,2013,6,1,2013,9,24,50,2.7,19,71,308,3.7,95,0.19,,,,,23,23,-5.6,18.3,12.9,519,,49,In situ,Yes,Yes,Warming,10,5,0.88,mg N2O/m2/d,GC/static,opaque,,40,4,yes,yes,yes,Voigt C et al. 2017b
Seida_II_N2O,RU-Sei-2013-03,19.78,1978,3956,discontinuous,Subarctic,Peatland,Vegetated,"Peat plateau, vegetated",Russia,Western Russia,Seida II,67.05,62.92,1,2013,6,1,2013,9,24,48,1.2,40,36,3.2,3.8,98,0.02,,,,,16,16,-5.6,16.3,9.8,517,,46,In situ,No,No,none,10,5,0.02,mg N2O/m2/d,GC/static,opaque,,40,4,yes,yes,yes,Voigt C et al. 2017b
Seida_II_N2O,RU-Sei-2013-04,98.95,9895,19790,discontinuous,Subarctic,Peatland,Vegetated,"Peat plateau, vegetated",Russia,Western Russia,Seida II,67.05,62.92,1,2013,6,1,2013,9,24,48,1.2,42,26,1.3,3.9,97,0.02,,,,,13,13,-5.6,17,10.3,520,,38,In situ,Yes,Yes,Warming,10,5,0.1,mg N2O/m2/d,GC/static,opaque,,40,4,yes,yes,yes,Voigt C et al. 2017b
Seida_II_N2O,RU-Sei-2013-05,5.87,587,1174,discontinuous,Subarctic,Upland,Vegetated,Tundra heath,Russia,Western Russia,Seida II,67.05,62.92,1,2013,6,1,2013,9,24,44,1.5,30,37,0.8,4.3,41,0.06,,,,,11,11,-5.6,16.3,8.9,518,,122,In situ,No,No,none,10,5,0.01,mg N2O/m2/d,GC/static,opaque,,40,4,yes,yes,yes,Voigt C et al. 2017b
Seida_II_N2O,RU-Sei-2013-06,28.63,2863,5726,discontinuous,Subarctic,Upland,Vegetated,Tundra heath,Russia,Western Russia,Seida II,67.05,62.92,1,2013,6,1,2013,9,24,46,1.2,39,28,1,4.2,43,0.06,,,,,11,11,-5.6,17.4,8.8,521,,117,In situ,Yes,Yes,Warming,10,5,0.03,mg N2O/m2/d,GC/static,opaque,,40,4,yes,yes,yes,Voigt C et al. 2017b
Tura_N2O,RU-Tur-2005-01,7.54,754,1508,continuous,Arctic,Upland,Vegetated,larch forest,Russia,Siberia,Tura,64.27,100.22,1,2005,6,,2005,9,,,,,,,,,,,,0.25,,,,,,,290,,100,In situ,No,No,none,3,6,0.2,Âµg N/m2/h,GC/static,opaque,,60,4,no,yes,yes,Morishita T et al. 2014
Tura_N2O,RU-Tur-2006-01,15.08,1508,3016,continuous,Arctic,Upland,Vegetated,larch forest,Russia,Siberia,Tura,64.27,100.22,1,2006,6,,2006,9,,,,,,,,,,,,0.29,,,,,,,288,,100,In situ,No,No,none,2,6,0.4,Âµg N/m2/h,GC/static,opaque,,60,4,no,yes,yes,Morishita T et al. 2014
Tura_N2O,RU-Tur-2007-01,-7.54,-754,-1508,continuous,Arctic,Upland,Vegetated,larch forest,Russia,Siberia,Tura,64.27,100.22,1,2007,6,,2007,9,,,,,,,,,,,,0.45,,,,,,,466,,100,In situ,No,No,none,3,6,-0.2,Âµg N/m2/h,GC/static,opaque,,60,4,no,yes,yes,Morishita T et al. 2014
Yakutsk_N2O,RU-Yak-2004-01,52.38,5238,10476,continuous,Subarctic,Upland,Vegetated,"Thermokarst depression, Dry grassland; Gramineae (e.g., Elytrigia repens)",Russia,Siberia,Yakutsk,62.32,129.5,1,2004,6,,2004,9,,10.4,0.98,10.6,25.9,8.6,6.7,,0.72,,,0.18,,,26.04,-10,10.2,12.1,230,,200,In situ,No,No,none,9,3,0.04,kg N2O-N/ha/period,GC/static,opaque,,60,3,no,yes,yes,Takakai F et al. 2008
Yakutsk_N2O,RU-Yak-2004-02,13.53,1353,2706,continuous,Subarctic,Upland,Vegetated,"Larch forest; 200-year-old larch (Larix gmelinii), with Vaccinium vitis idaed",Russia,Siberia,Yakutsk,62.32,129.5,1,2004,6,,2004,9,,52,1.43,36.4,55.9,0,5.2,,0.15,,,0.1,,,11.076,-10,10.2,8.8,230,,130,In situ,No,No,none,9,3,0.01,kg N2O-N/ha/period,GC/static,opaque,,60,3,no,yes,yes,Takakai F et al. 2008
Yakutsk_N2O,RU-Yak-2004-03,-27.83,-2783,-5566,continuous,Subarctic,Wetland,Vegetated,Flooded wetland/pond (but not lake),Russia,Siberia,Yakutsk,62.32,129.5,1,2004,6,,2004,9,,15.5,1.46,10.6,,,6.3,,,,,1,,100,100,-10,10.2,13.4,230,,,In situ,No,No,none,9,3,-0.02,kg N2O-N/ha/period,GC/static,opaque,,60,3,no,yes,yes,Takakai F et al. 2008
Yakutsk_N2O,RU-Yak-2004-04,69.84,6984,13968,continuous,Subarctic,Wetland,Vegetated,"Thermokarst depression, Wet grassland-1; several species of Gramineae (e.g., Carex orthostachys, Glyceria lithuanica)",Russia,Siberia,Yakutsk,62.32,129.5,1,2004,6,,2004,9,,5.99,0.49,12.4,30.5,4,7.2,,1.08,,,0.34,,,61.419,-10,10.2,7.6,230,,,In situ,No,No,none,9,3,0.05,kg N2O-N/ha/period,GC/static,opaque,,60,3,no,yes,yes,Takakai F et al. 2008
Yakutsk_N2O,RU-Yak-2004-05,232.8,23280,46560,continuous,Subarctic,Wetland,Vegetated,"Thermokarst depression, Wet grassland-2; several species of Gramineae (e.g., Carex orthostachys, Glyceria lithuanica)",Russia,Siberia,Yakutsk,62.32,129.5,1,2004,6,,2004,9,,12,1.25,9.6,37.7,0.2,6.3,,0.51,,,0.55,,,70.825,-10,10.2,9.3,230,,,In situ,No,No,none,9,3,0.16,kg N2O-N/ha/period,GC/static,opaque,,60,3,no,yes,yes,Takakai F et al. 2008
Yakutsk_N2O,RU-Yak-2004-06,2473.54,247354,494708,continuous,Subarctic,Wetland,Vegetated,"Thermokarst depression, Wet grassland-3; several species of Gramineae (e.g., Carex orthostachys, Glyceria lithuanica)",Russia,Siberia,Yakutsk,62.32,129.5,1,2004,6,,2004,9,,26.7,2.5,10.7,,,6.4,,0.19,,,0.82,,,90.887,-10,10.2,10.3,230,,,In situ,No,No,none,9,3,1.7,kg N2O-N/ha/period,GC/static,opaque,,60,3,no,yes,yes,Takakai F et al. 2008
Yakutsk_N2O,RU-Yak-2005-01,138.97,13897,27794,continuous,Subarctic,Upland,Vegetated,"Thermokarst depression, Dry grassland; Gramineae (e.g., Elytrigia repens)",Russia,Siberia,Yakutsk,62.32,129.5,1,2005,5,,2005,9,,10.4,0.98,10.6,25.9,8.6,6.7,,0.72,,,0.26,,,37.614,-10,12.1,12.1,230,,200,In situ,No,No,none,11,3,0.13,kg N2O-N/ha/period,GC/static,opaque,,60,3,no,yes,yes,Takakai F et al. 2008
Yakutsk_N2O,RU-Yak-2005-02,45.97,4597,9194,continuous,Subarctic,Upland,Vegetated,"Larch forest; 200-year-old larch (Larix gmelinii), with Vaccinium vitis idaed",Russia,Siberia,Yakutsk,62.32,129.5,1,2005,5,,2005,9,,52,1.43,36.4,55.9,0,5.2,,0.15,,,0.21,,,23.259,-10,12.1,9.6,230,,130,In situ,No,No,none,11,3,0.04,kg N2O-N/ha/period,GC/static,opaque,,60,3,no,yes,yes,Takakai F et al. 2008
Yakutsk_N2O,RU-Yak-2004-03,-36.35,-3635,-7270,continuous,Subarctic,Wetland,Vegetated,Flooded wetland/pond (but not lake),Russia,Siberia,Yakutsk,62.32,129.5,1,2005,5,,2005,9,,15.5,1.46,10.6,,,6.3,,,,,1,,100,100,-10,10.2,16.6,230,,,In situ,No,No,none,9,3,-0.03,kg N2O-N/ha/period,GC/static,opaque,,60,3,no,yes,yes,Takakai F et al. 2008
Yakutsk_N2O,RU-Yak-2005-04,127.21,12721,25442,continuous,Subarctic,Wetland,Vegetated,"Thermokarst depression, Wet grassland-1; several species of Gramineae (e.g., Carex orthostachys, Glyceria lithuanica)",Russia,Siberia,Yakutsk,62.32,129.5,1,2005,5,,2005,9,,5.99,0.49,12.4,30.5,4,7.2,,1.08,,,0.5,,,90.322,-10,12.1,12.1,230,,,In situ,No,No,none,11,3,0.12,kg N2O-N/ha/period,GC/static,opaque,,60,3,no,yes,yes,Takakai F et al. 2008
Yakutsk_N2O,RU-Yak-2005-05,-33.14,-3314,-6628,continuous,Subarctic,Wetland,Vegetated,"Thermokarst depression, Wet grassland-2; several species of Gramineae (e.g., Carex orthostachys, Glyceria lithuanica)",Russia,Siberia,Yakutsk,62.32,129.5,1,2005,5,,2005,9,,12,1.25,9.6,37.7,0.2,6.3,,0.51,,,1,,,100,-10,12.1,14.9,230,,,In situ,No,No,none,11,3,-0.03,kg N2O-N/ha/period,GC/static,opaque,,60,3,no,yes,yes,Takakai F et al. 2008
Yakutsk_N2O,RU-Yak-2005-06,-26.72,-2672,-5344,continuous,Subarctic,Wetland,Vegetated,"Thermokarst depression, Wet grassland-3; several species of Gramineae (e.g., Carex orthostachys, Glyceria lithuanica)",Russia,Siberia,Yakutsk,62.32,129.5,1,2005,5,,2005,9,,26.7,2.5,10.7,,,6.4,,0.19,,,1,,,100,-10,12.1,16.4,230,,,In situ,No,No,none,11,3,-0.03,kg N2O-N/ha/period,GC/static,opaque,,60,3,no,yes,yes,Takakai F et al. 2008
Abisko_N2O,SE-Abi-1996-01,45.63,4563,9126,sporadic,Subarctic,Upland,Vegetated,"Subarctic heath dominated by Rhododendron lapponicum, Vaccinium uliginosum, Empetrum hermaphroditum and Betula nana above a subcanopy cover of mosses",Sweden,Northern Scandinavia,Abisko,68.33,20.85,1,1996,7,3,1996,8,28,40.64,1.86,21.9,49.19,1.59,7.1,,,,,,,,,-0.8,,,304,,,In situ,No,No,none,2,6,0.05,mg N2O/m2/d,GC/static,opaque,,40,3,no,yes,yes,Christensen TR et al. 1999
Niwot_Ridge_N2O,US-Niw-1992-01,26.39,2639,5278,isolated,Alpine,Upland,Vegetated,"Alpine meadow, dry",United States,Rocky Mountains,Niwot Ridge,40.05,-105.35,1,1992,6,,1992,8,,,0.47,19,14,2,,,,,0.63,,,52,52,-1.9,,,487,,,In situ,No,No,none,7,5,0.07,ng N /cm2/h,GC/static,opaque,,105,3,no,yes,yes,Neff JC et al. 1994
Niwot_Ridge_N2O,US-Niw-1992-02,542.94,54294,108588,isolated,Alpine,Upland,Vegetated,"Alpine meadow, dry",United States,Rocky Mountains,Niwot Ridge,40.05,-105.35,1,1992,6,,1992,8,,,0.71,17.9,49,15,,,,,0.63,,,52,52,-1.9,,,487,,,In situ,Yes,Yes,N-addition,7,5,1.44,ng N /cm2/h,GC/static,opaque,,105,3,no,yes,yes,Neff JC et al. 1994
Niwot_Ridge_N2O,US-Niw-1992-03,30.16,3016,6032,isolated,Alpine,Wetland,Vegetated,"Alpine meadow, wet",United States,Rocky Mountains,Niwot Ridge,40.05,-105.35,1,1992,6,,1992,8,,,1.24,15.6,75,2,,,,,1.34,,,90,90,-1.9,,,487,,,In situ,No,No,none,7,5,0.08,ng N /cm2/h,GC/static,opaque,,105,3,no,yes,yes,Neff JC et al. 1994
Niwot_Ridge_N2O,US-Niw-1992-04,1293.25,129325,258650,isolated,Alpine,Wetland,Vegetated,"Alpine meadow, wet",United States,Rocky Mountains,Niwot Ridge,40.05,-105.35,1,1992,6,,1992,8,,,1.11,15.9,86,12,,,,,1.34,,,90,90,-1.9,,,487,,,In situ,Yes,Yes,N-addition,7,5,3.43,ng N /cm2/h,GC/static,opaque,,105,3,no,yes,yes,Neff JC et al. 1994
Niwot_Ridge_N2O,US-Niw-1993-01,62.84,6284,12568,isolated,Alpine,Upland,Vegetated,Alpine meadow,United States,Rocky Mountains,Niwot Ridge,40.05,-105.35,1,1993,1,1,1993,4,4,,,,,,,,,,,,,,,-3.8,,-7,1006,,0,In situ,No,No,none,9,6,40,Âµg N/m2/d,snow gradient,,,,,yes,no,yes,Williams MW et al. 1998
Niwot_Ridge_N2O,US-Niw-1994-01,128.82,12882,25764,isolated,Alpine,Upland,Vegetated,Alpine meadow,United States,Rocky Mountains,Niwot Ridge,40.05,-105.35,1,1994,1,1,1994,5,,,,,,,,,,,,,,,,-3.8,,-2.5,1006,,0,In situ,Yes,Yes,Snow fence,11,9,82,Âµg N/m2/d,snow gradient,,,,,yes,no,yes,Williams MW et al. 1998
Yukon_Delta_N2O,US-Ykd-2016-01,-319.33,-31933,-63866,none,Arctic,Wetland,Vegetated,"Coastal tundra along Bering Sea, gradient from barren tidal mud flats to wet sedge meadows dominated by Carex, to moist meadows",United States,Alaska,Yukon Delta,61.25,-165.62,1,2016,6,2,2016,8,18,,,,,,7,,,,,,,,,-1.6,10,,430,,,In situ,Yes,No,"Birds, Grazing",19,,-0.08,nmol N2O/m2/s,portable gas analzyer,transparent,,3,36,yes,yes,yes,Kelsey KC et al. 2018